Survived,Pclass,Age,SibSp,Parch,Fare,CabinMissing,FamilySize,IsAlone,FarePerPerson,Pclass_Fare,Age_Title,LogFare,LogAge,Sex_male,Embarked_Q,Embarked_S,Title_Miss,Title_Mr,Title_Mrs,Title_Rare,Deck_B,Deck_C,Deck_D,Deck_E,Deck_F,Deck_G,Deck_T,Deck_U,AgeGroup_Teen,AgeGroup_Adult,AgeGroup_Senior
0,3,-0.5348911628688886,1,0,-0.5641087873940193,1,2,0,-0.5476058507246607,21.75,22.0,-0.884450804505842,-0.21441128597586506,True,False,True,False,True,False,False,False,False,False,False,False,False,False,True,False,True,False
1,1,0.6683917564561223,1,0,0.9425480546638041,0,2,0,0.5808979535718629,71.2833,0.0,1.3758930646351324,0.640402765438825,False,False,False,False,False,True,False,False,True,False,False,False,False,False,False,False,True,False
1,3,-0.23407043303763592,0,0,-0.548226529750121,1,1,1,-0.39604201258184907,23.775,0.0,-0.8025478579119842,0.045144866300543984,False,False,True,True,False,False,False,False,False,False,False,False,False,False,True,False,True,False
1,1,0.4427762090826827,1,0,0.5147082688618853,0,2,0,0.26044089100184115,53.1,0.0,1.0741233950445652,0.5108328898518398,False,False,True,False,False,True,False,False,True,False,False,False,False,False,False,False,True,False
0,3,0.4427762090826827,0,0,-0.5452853709271769,1,1,1,-0.39163608705444175,24.150000000000002,35.0,-0.7880629125377953,0.5108328898518398,True,False,True,False,True,False,False,False,False,False,False,False,False,False,True,False,True,False
0,3,-0.3092756154954491,0,0,-0.5356783697479123,1,1,1,-0.3772445719117185,25.374899999999997,25.0,-0.7421058710901699,-0.01594763973128568,True,True,False,False,True,False,False,False,False,False,False,False,False,False,True,False,True,False
0,1,1.8716746757811333,0,0,0.4855907965147383,0,1,1,1.1526408103018226,51.8625,54.0,1.0500242415540113,1.1968861334624432,True,False,True,False,True,False,False,False,False,False,True,False,False,False,False,False,True,False
0,3,-2.038994812025152,3,1,-0.23881662157639924,1,5,0,-0.5268098822352982,63.224999999999994,0.0,0.14057895220285974,-3.5116328014824925,True,False,True,False,False,False,False,False,False,False,False,False,False,False,True,False,False,False
1,3,-0.15886525057982273,0,2,-0.47273757093690794,1,3,0,-0.5445710492213827,33.3999,0.0,-0.4827210184416704,0.10401532767762588,False,False,True,False,False,True,False,False,False,False,False,False,False,False,True,False,True,False
1,2,-1.136532622531394,1,0,-0.027152009260873307,1,2,0,-0.14541886962123324,60.1416,0.0,0.49657049699399375,-0.9063402502909861,False,False,False,False,False,True,False,False,False,False,False,False,False,False,True,True,False,False
1,3,-1.8885844471095259,1,1,-0.3417571803794436,0,3,0,-0.47916714086560047,50.099999999999994,0.0,-0.08945784973475612,-2.6847290841825044,False,False,True,True,False,False,False,False,False,False,False,False,True,False,False,False,False,False
1,1,2.172495405612386,0,0,-0.10999386513144661,0,1,1,0.26044089100184115,26.55,0.0,0.37131944389592797,1.3105299284608571,False,False,True,True,False,False,False,False,True,False,False,False,False,False,False,False,True,False
0,3,-0.685301527784515,0,0,-0.5452853709271769,1,1,1,-0.39163608705444175,24.150000000000002,20.0,-0.7880629125377953,-0.36167269587366996,True,False,True,False,True,False,False,False,False,False,False,False,False,False,True,False,True,False
0,3,0.7435969389139355,1,5,0.0011819383758412065,1,7,0,-0.5178973243112858,93.82499999999999,39.0,0.5361711062385779,0.681386201981717,True,False,True,False,True,False,False,False,False,False,False,False,False,False,True,False,True,False
0,3,-1.136532622531394,0,0,-0.5498924021074366,1,1,1,-0.39853752880057264,23.5626,0.0,-0.8108423936907564,-0.9063402502909861,False,False,True,True,False,False,False,False,False,False,False,False,False,False,True,True,False,False
1,2,1.9468798582389464,0,0,-0.35822766978793064,1,1,1,-0.11141922351133643,32.0,0.0,-0.13148173808865266,1.226053756399034,False,False,True,False,False,True,False,False,False,False,False,False,False,False,True,False,True,False
0,3,-2.038994812025152,4,1,-0.04940599337879768,1,6,0,-0.5042809163718222,87.375,0.0,0.46437604604039645,-3.5116328014824925,True,True,False,False,False,False,False,False,False,False,False,False,False,False,True,False,False,False
1,2,0.06675029679361683,0,0,-0.4288154815385896,1,1,1,-0.21716143616911202,26.0,30.0,-0.3336856715246667,0.26877700830987145,True,False,True,False,True,False,False,False,False,False,False,False,False,False,True,False,True,False
0,3,0.14195547925143,1,0,-0.3111691286208247,1,2,0,-0.35815105304614614,54.0,0.0,-0.015645713214721132,0.32017050823302495,False,False,True,False,False,True,False,False,False,False,False,False,False,False,True,False,True,False
1,3,-0.5724937540977952,0,0,-0.5646970191586081,1,1,1,-0.42071519553533004,21.674999999999997,0.0,-0.8876115073381831,-0.2499898451208754,False,False,False,False,False,True,False,False,False,False,False,False,False,False,True,False,True,False
0,2,0.4427762090826827,0,0,-0.12293496395240078,1,1,1,0.24105481868124892,52.0,35.0,0.3503178914890206,0.5108328898518398,True,False,True,False,True,False,False,False,False,False,False,False,False,False,True,False,True,False
1,2,0.36757102662486957,0,0,-0.4288154815385896,0,1,1,-0.21716143616911202,26.0,34.0,-0.3336856715246667,0.4652310214263179,True,False,True,False,True,False,False,False,False,True,False,False,False,False,False,False,True,False
1,3,-1.061327440073581,0,0,-0.5457747797553149,1,1,1,-0.39236923306220234,24.0876,0.0,-0.7904592780697297,-0.8018679204883823,False,True,False,True,False,False,False,False,False,False,False,False,False,False,True,True,False,False
1,1,-0.08366006812200955,0,0,0.10059310659135261,0,1,1,0.575905158764205,35.5,28.0,0.6642896775014523,0.16081972715738832,True,False,True,False,True,False,False,False,False,False,False,False,False,False,False,False,True,False
0,3,-1.5877637172782733,3,1,-0.23881662157639924,1,5,0,-0.5268098822352982,63.224999999999994,0.0,0.14057895220285974,-1.7332439675909739,False,False,True,True,False,False,False,False,False,False,False,False,False,False,True,False,False,False
1,3,0.6683917564561223,1,5,0.003828981316490934,1,7,0,-0.5173308481720477,94.1625,0.0,0.5397949479212185,0.640402765438825,False,False,True,False,False,True,False,False,False,False,False,False,False,False,True,False,True,False
0,3,-0.3092756154954491,0,0,-0.5646970191586081,1,1,1,-0.42071519553533004,21.674999999999997,25.0,-0.8876115073381831,-0.01594763973128568,True,False,False,False,True,False,False,False,False,False,False,False,False,False,True,False,True,False
0,1,-0.7605067102423282,3,2,5.124238728242953,0,6,0,0.787426123888799,249.00622000000035,19.0,2.668221715908568,-0.4406522267396903,True,False,True,False,True,False,False,False,True,False,False,False,False,False,False,True,False,False
1,3,-0.5724937540977952,0,0,-0.5493041703428477,1,1,1,-0.3976563436950911,23.6376,0.0,-0.8079059814014272,-0.2499898451208754,False,True,False,True,False,False,False,False,False,False,False,False,False,False,True,False,True,False
0,3,-0.3092756154954491,0,0,-0.5489135844511608,1,1,1,-0.3970712367850514,23.6874,25.0,-0.8059607675574288,-0.01594763973128568,True,False,True,False,True,False,False,False,False,False,False,False,False,False,True,False,True,False
0,1,0.8188021213717487,0,0,-0.08244579513222278,1,1,1,0.301708551861749,27.7208,0.0,0.4146636500426548,0.7213575976808891,True,False,False,False,False,False,True,False,False,False,False,False,False,False,True,False,True,False
1,1,0.4427762090826827,1,0,2.7128315501938722,0,2,0,1.9068612410450951,146.5208,0.0,2.118839123947159,0.5108328898518398,False,False,False,False,False,True,False,True,False,False,False,False,False,False,False,False,True,False
1,3,-0.5724937540977952,0,0,-0.5523441521022427,1,1,1,-0.4022103083202193,23.25,0.0,-0.8231713196326232,-0.2499898451208754,False,True,False,True,False,False,False,False,False,False,False,False,False,False,True,False,True,False
0,2,2.7741368652748912,0,0,-0.4876386579974721,1,1,1,-0.30527994671725833,21.0,66.0,-0.5385497616659674,1.5163635483711404,True,False,True,False,True,False,False,False,False,False,False,False,False,False,True,False,False,True
0,1,-0.08366006812200955,1,0,1.1987229881422372,1,2,0,0.7727760102904516,82.1708,28.0,1.5220119466544697,0.16081972715738832,True,False,False,False,True,False,False,False,False,False,False,False,False,False,True,False,True,False
0,1,0.969212486287375,1,0,0.4888260712199769,1,2,0,0.24105481868124892,52.0,42.0,1.0527296294545725,0.7984559438182829,True,False,True,False,True,False,False,False,False,False,False,False,False,False,True,False,True,False
1,3,-0.3092756154954491,0,0,-0.5645981962221572,1,1,1,-0.4205671564376092,21.6876,25.0,-0.8870798384162878,-0.01594763973128568,True,False,False,False,True,False,False,False,False,False,False,False,False,False,True,False,True,False
0,3,-0.6100963453267019,0,0,-0.5452853709271769,1,1,1,-0.39163608705444175,24.150000000000002,21.0,-0.7880629125377953,-0.28636798900765603,True,False,True,False,True,False,False,False,False,False,False,False,False,False,True,False,True,False
0,3,-0.8357118927001413,2,0,-0.3111691286208247,1,3,0,-0.46389326570392175,54.0,0.0,-0.015645713214721132,-0.5236837228673362,False,False,True,True,False,False,False,False,False,False,False,False,False,False,True,True,False,False
1,3,-1.136532622531394,1,0,-0.4701869980056509,1,2,0,-0.4772573190136536,33.7251,0.0,-0.4734579202486428,-0.9063402502909861,False,False,False,True,False,False,False,False,False,False,False,False,False,False,True,True,False,False
0,3,0.8188021213717487,1,0,-0.511756160345614,1,2,0,-0.5083931135307357,28.424999999999997,0.0,-0.6357749927655407,0.7213575976808891,False,False,True,False,False,True,False,False,False,False,False,False,False,False,True,False,True,False
0,2,-0.15886525057982273,1,0,-0.2405813168701657,1,2,0,-0.30527994671725833,42.0,0.0,0.13703458990304354,0.10401532767762588,False,False,True,False,False,True,False,False,False,False,False,False,False,False,True,False,True,False
0,3,-0.3092756154954491,0,0,-0.5489135844511608,1,1,1,-0.3970712367850514,23.6874,25.0,-0.8059607675574288,-0.01594763973128568,True,False,False,False,True,False,False,False,False,False,False,False,False,False,True,False,True,False
1,2,-1.9637896295673392,1,2,0.24363224832288793,1,4,0,-0.30898797364112435,83.1584,0.0,0.8247289309558432,-3.0459447779311963,False,False,False,True,False,False,False,False,False,False,False,False,False,False,True,False,False,False
1,3,-0.7605067102423282,0,0,-0.5493041703428477,1,1,1,-0.3976563436950911,23.6376,0.0,-0.8079059814014272,-0.4406522267396903,False,True,False,True,False,False,False,False,False,False,False,False,False,False,True,True,False,False
0,3,-0.3092756154954491,0,0,-0.5452853709271769,1,1,1,-0.39163608705444175,24.150000000000002,25.0,-0.7880629125377953,-0.01594763973128568,True,False,True,False,True,False,False,False,False,False,False,False,False,False,True,False,True,False
0,3,-0.3092756154954491,1,0,-0.36999230507970715,1,2,0,-0.4022103083202193,46.5,25.0,-0.1625721299622539,-0.01594763973128568,True,True,False,False,True,False,False,False,False,False,False,False,False,False,True,False,True,False
1,3,-0.5724937540977952,0,0,-0.5523441521022427,1,1,1,-0.4022103083202193,23.25,0.0,-0.8231713196326232,-0.2499898451208754,False,True,False,True,False,False,False,False,False,False,False,False,False,False,True,False,True,False
0,3,-0.3092756154954491,2,0,-0.22460023628981649,1,3,0,-0.420665849169423,65.0376,25.0,0.1687006836483526,-0.01594763973128568,True,False,False,False,True,False,False,False,False,False,False,False,False,False,True,False,True,False
0,3,-0.8357118927001413,1,0,-0.3158749827375353,1,2,0,-0.361675793468072,53.400000000000006,0.0,-0.026666459272192397,-0.5236837228673362,False,False,True,False,False,True,False,False,False,False,False,False,False,False,True,True,False,False
0,3,-1.6629688997360863,4,1,0.19912192715998075,1,6,0,-0.4422307985275025,119.0625,0.0,0.7774002509500836,-1.9239063492097896,True,False,True,False,False,False,False,False,False,False,False,False,False,False,True,False,False,False
0,3,-0.6100963453267019,0,0,-0.5511676885730651,1,1,1,-0.4004479381092564,23.4,21.0,-0.817237111076176,-0.28636798900765603,True,False,True,False,True,False,False,False,False,False,False,False,False,False,True,False,True,False
1,1,1.4956487634920672,1,0,1.0706861093347755,0,2,0,0.676874872890693,76.7292,0.0,1.4515418320027884,1.042601895730409,False,False,False,False,False,True,False,False,False,True,False,False,False,False,False,False,True,False
1,2,-0.008454885664196365,1,0,-0.12293496395240078,1,2,0,-0.21716143616911202,52.0,0.0,0.3503178914890206,0.21569817843042113,False,False,True,False,False,True,False,False,False,False,False,False,False,False,True,False,True,False
0,1,2.6989316828170784,0,1,0.7236293682273689,0,2,0,0.41692526677366126,61.9792,65.0,1.232393011533114,1.4920208448838612,True,False,False,False,True,False,False,True,False,False,False,False,False,False,False,False,False,True
1,1,0.8188021213717487,0,0,0.10059310659135261,0,1,1,0.575905158764205,35.5,40.0,0.6642896775014523,0.7213575976808891,True,False,True,False,True,False,False,False,True,False,False,False,False,False,False,False,True,False
1,2,-0.6100963453267019,0,0,-0.4876386579974721,1,1,1,-0.30527994671725833,21.0,0.0,-0.5385497616659674,-0.28636798900765603,False,False,True,True,False,False,False,False,False,False,False,False,False,False,True,False,True,False
0,3,-0.04605747689310296,0,0,-0.5645981962221572,1,1,1,-0.4205671564376092,21.6876,28.5,-0.8870798384162878,0.18849149973944987,True,False,False,False,True,False,False,False,False,False,False,False,False,False,True,False,True,False
1,2,-1.8133792646517128,1,2,-0.08175874043118304,1,4,0,-0.4308488242483669,55.5,0.0,0.4157219393132522,-2.3895943727610853,False,False,True,True,False,False,False,False,False,False,False,False,False,False,True,False,False,False
0,3,-1.3621481699048337,5,2,0.36882679124385664,1,8,0,-0.4687397837840698,140.7,0.0,0.947359378849738,-1.2675559440396782,True,False,True,False,False,False,False,False,False,False,False,False,False,False,True,False,False,False
0,3,-0.5348911628688886,0,0,-0.5645981962221572,1,1,1,-0.4205671564376092,21.6876,22.0,-0.8870798384162878,-0.21441128597586506,True,False,False,False,True,False,False,False,False,False,False,False,False,False,True,False,True,False
1,1,0.6683917564561223,0,0,1.1476456475594605,0,1,1,2.1444146465212097,80.0,0.0,1.4944685207108999,0.640402765438825,False,False,True,True,False,False,False,True,False,False,False,False,False,False,False,False,True,False
0,1,1.1948280336608146,1,0,1.229409862837307,0,2,0,0.79576084258183,83.475,45.0,1.538216200077281,0.9076271427455422,True,False,True,False,True,False,False,False,True,False,False,False,False,False,False,False,True,False
0,3,-1.8885844471095259,3,2,-0.07822934984365013,1,6,0,-0.5114772613999208,83.69999999999999,0.0,0.4211414699329149,-2.6847290841825044,True,False,True,False,False,False,False,False,False,False,False,False,False,False,True,False,False,False
0,1,0.8188021213717487,0,0,-0.08244579513222278,1,1,1,0.301708551861749,27.7208,40.0,0.4146636500426548,0.7213575976808891,True,False,False,False,True,False,False,False,False,False,False,False,False,False,True,False,True,False
1,3,-0.3092756154954491,1,1,-0.3759734456620463,1,3,0,-0.4962527326041491,45.737399999999994,0.0,-0.17874166054436358,-0.01594763973128568,True,False,False,False,False,False,False,False,False,False,False,False,False,False,True,False,True,False
1,2,-0.008454885664196365,0,0,-0.4876386579974721,0,1,1,-0.30527994671725833,21.0,0.0,-0.5385497616659674,0.21569817843042113,False,False,True,False,False,True,False,False,False,False,False,True,False,False,False,False,True,False
0,3,-0.7605067102423282,0,0,-0.5427371509229781,1,1,1,-0.38781879317749607,24.4749,19.0,-0.7756740074822651,-0.4406522267396903,True,False,True,False,True,False,False,False,False,False,False,False,False,False,True,True,False,False
1,3,-0.9109170751579546,4,2,-0.548226529750121,1,7,0,-0.6354725940998125,23.775,0.0,-0.8025478579119842,-0.6112055388695674,False,False,True,True,False,False,False,False,False,False,False,False,False,False,True,True,False,False
0,3,-0.23407043303763592,2,0,-0.5308736926947507,1,3,0,-0.573600811336364,25.987499999999997,26.0,-0.7198607416515719,0.045144866300543984,True,False,True,False,True,False,False,False,False,False,False,False,False,False,True,False,True,False
0,2,0.2171606617092432,0,0,-0.4876386579974721,1,1,1,-0.30527994671725833,21.0,32.0,-0.5385497616659674,0.36998241616245464,True,False,True,False,True,False,False,False,False,False,False,False,False,False,True,False,True,False
0,3,-0.9861222576157678,5,2,0.36882679124385664,1,8,0,-0.4687397837840698,140.7,0.0,0.947359378849738,-0.7037312515203413,False,False,True,True,False,False,False,False,False,False,False,False,False,False,True,True,False,False
0,2,-0.6100963453267019,0,0,0.994705388766366,1,1,1,1.9153065190960292,147.0,21.0,1.4073511321378163,-0.28636798900765603,True,False,True,False,True,False,False,False,False,False,False,False,False,False,True,False,True,False
0,3,-0.23407043303763592,1,0,-0.3945992162559869,1,2,0,-0.4206411759864696,43.3626,26.0,-0.2307658793066255,0.045144866300543984,True,False,False,False,True,False,False,False,False,False,False,False,False,False,True,False,True,False
1,3,0.2171606617092432,0,0,0.5946089659095145,1,1,1,1.3159526082709134,169.4874,32.0,1.1375245398907599,0.36998241616245464,True,False,True,False,True,False,False,False,False,False,False,False,False,False,True,False,True,False
0,3,-0.3092756154954491,0,0,-0.5546970791605981,0,1,1,-0.40573504874214517,22.950000000000003,25.0,-0.8351421500958559,-0.01594763973128568,True,False,True,False,True,False,False,False,False,False,False,True,False,False,False,False,True,False
0,3,-0.3092756154954491,0,0,-0.5489135844511608,1,1,1,-0.3970712367850514,23.6874,25.0,-0.8059607675574288,-0.01594763973128568,True,False,True,False,True,False,False,False,False,False,False,False,False,False,True,False,True,False
0,3,-0.3092756154954491,0,0,-0.5452853709271769,1,1,1,-0.39163608705444175,24.150000000000002,25.0,-0.7880629125377953,-0.01594763973128568,True,False,True,False,True,False,False,False,False,False,False,False,False,False,True,False,True,False
1,2,-2.126984875500794,0,2,-0.052347152201741805,1,3,0,-0.33465278356664047,58.0,0.0,0.4600456831116585,-4.311779557909877,True,False,True,False,False,False,False,False,False,False,False,False,False,False,True,False,False,False
1,3,0.06675029679361683,0,0,-0.44116834859495496,1,1,1,-0.23566632338422278,37.425,0.0,-0.3734911835773941,0.26877700830987145,False,False,True,True,False,False,False,False,False,False,False,False,False,False,True,False,True,False
0,3,-0.5348911628688886,0,0,-0.5229325638728015,1,1,1,-0.35815105304614614,27.0,22.0,-0.6841049461102202,-0.21441128597586506,True,False,True,False,True,False,False,False,False,False,False,False,False,False,True,False,True,False
1,3,-0.008454885664196365,0,0,-0.5111679285810251,1,1,1,-0.34052735093651687,28.5,29.0,-0.6332923913899642,0.21569817843042113,True,False,True,False,True,False,False,False,False,False,False,False,False,False,True,False,True,False
1,3,-0.5724937540977952,0,0,-0.5514618044553596,1,1,1,-0.40088853066199714,23.362499999999997,0.0,-0.8187174962350205,-0.2499898451208754,False,True,False,True,False,False,False,False,False,False,False,False,False,False,True,False,True,False
0,1,-0.08366006812200955,0,0,0.3735326453605673,1,1,1,0.984775047707604,47.1,28.0,0.9516987633939883,0.16081972715738832,True,False,True,False,True,False,False,False,False,False,False,False,False,False,True,False,True,False
1,2,-0.9109170751579546,0,0,-0.4876386579974721,1,1,1,-0.30527994671725833,21.0,0.0,-0.5385497616659674,-0.6112055388695674,False,False,True,True,False,False,False,False,False,False,False,False,False,False,True,True,False,False
1,3,0.29236584416705635,3,0,-0.3617570603754636,1,4,0,-0.535709851800661,47.55,0.0,-0.14071179068068584,0.4183071772010659,False,False,True,False,False,True,False,False,False,False,False,False,False,False,True,False,True,False
0,3,-0.9861222576157678,1,3,0.0741226771848555,1,5,0,-0.43305178701207053,103.125,16.0,0.6316850771386074,-0.7037312515203413,True,False,True,False,True,False,False,False,False,False,False,False,False,False,True,True,False,False
0,3,-0.3092756154954491,0,0,-0.5452853709271769,1,1,1,-0.39163608705444175,24.150000000000002,25.0,-0.7880629125377953,-0.01594763973128568,True,False,True,False,True,False,False,False,False,False,False,False,False,False,True,False,True,False
1,1,-0.45968598041107545,3,2,5.124238728242953,0,6,0,0.787426123888799,249.00622000000035,0.0,2.668221715908568,-0.14551751531827087,False,False,True,True,False,False,False,False,True,False,False,False,False,False,False,False,True,False
0,3,-0.3844807979532623,0,0,-0.5452853709271769,1,1,1,-0.39163608705444175,24.150000000000002,24.0,-0.7880629125377953,-0.07943653299099825,True,False,True,False,True,False,False,False,False,False,False,False,False,False,True,False,True,False
0,3,-0.008454885664196365,0,0,-0.5452853709271769,1,1,1,-0.39163608705444175,24.150000000000002,29.0,-0.7880629125377953,0.21569817843042113,True,False,True,False,True,False,False,False,False,False,False,False,False,False,True,False,True,False
0,3,-0.685301527784515,0,0,-0.5498924021074366,1,1,1,-0.39853752880057264,23.5626,20.0,-0.8108423936907564,-0.36167269587366996,True,False,True,False,True,False,False,False,False,False,False,False,False,False,True,False,True,False
0,1,1.2700332161186279,1,0,0.7047071288240755,0,2,0,0.4027522855370974,61.175,46.0,1.219008782354139,0.9424405119558105,True,False,True,False,True,False,False,False,False,False,True,False,False,False,False,False,True,False
0,3,-0.23407043303763592,1,2,-0.25058125686817573,1,4,0,-0.49407385556666183,61.724999999999994,26.0,0.11671878410343847,0.045144866300543984,True,False,True,False,True,False,False,False,False,False,False,False,False,False,True,False,True,False
0,3,2.2477005880701992,0,0,-0.5641087873940193,1,1,1,-0.4198340104298486,21.75,59.0,-0.884450804505842,1.3377366071518277,True,False,True,False,True,False,False,False,False,False,False,False,False,False,True,False,True,False
0,3,-0.3092756154954491,0,0,-0.5452853709271769,1,1,1,-0.39163608705444175,24.150000000000002,25.0,-0.7880629125377953,-0.01594763973128568,True,False,True,False,True,False,False,False,False,False,False,False,False,False,True,False,True,False
0,1,3.1501627775639576,0,0,0.08069204953178356,0,1,1,0.5460929042755562,34.6542,71.0,0.6398725424755338,1.632871318573247,True,False,False,False,True,False,False,False,False,False,False,False,False,False,False,False,False,True
1,1,-0.45968598041107545,0,1,0.7560785852891467,0,2,0,0.441230114353051,63.3583,23.0,1.2549522880304598,-0.14551751531827087,True,False,False,False,True,False,False,False,False,True,False,False,False,False,False,False,True,False
1,2,0.36757102662486957,0,1,-0.19352277570305973,1,2,0,-0.27003254249799985,46.0,0.0,0.22765265667602697,0.4652310214263179,False,False,True,False,False,True,False,False,False,False,False,False,False,False,True,False,True,False
0,2,0.36757102662486957,1,0,-0.12293496395240078,1,2,0,-0.21716143616911202,52.0,34.0,0.3503178914890206,0.4652310214263179,True,False,True,False,True,False,False,False,False,False,False,False,False,False,True,False,True,False
0,3,-0.08366006812200955,0,0,-0.5489135844511608,1,1,1,-0.3970712367850514,23.6874,0.0,-0.8059607675574288,0.16081972715738832,False,False,True,True,False,False,False,False,False,False,False,False,False,False,True,False,True,False
0,3,-0.3092756154954491,0,0,-0.5489135844511608,1,1,1,-0.3970712367850514,23.6874,25.0,-0.8059607675574288,-0.01594763973128568,True,False,True,False,True,False,False,False,False,False,False,False,False,False,True,False,True,False
0,1,-0.6100963453267019,0,1,1.083822501101573,0,2,0,0.6867141857784989,77.2875,21.0,1.4589954501671094,-0.28636798900765603,True,False,True,False,True,False,False,False,False,True,False,False,False,False,False,False,True,False
0,3,0.29236584416705635,0,0,-0.5310689856405942,1,1,1,-0.37033960542516575,25.9626,33.0,-0.7207557228893852,0.4183071772010659,True,False,True,False,True,False,False,False,False,False,False,False,False,False,True,False,True,False
0,3,0.5931865739983091,2,0,-0.548226529750121,1,3,0,-0.5822657982069317,23.775,37.0,-0.8025478579119842,0.598354705854071,True,False,True,False,True,False,False,False,False,False,False,False,False,False,True,False,True,False
0,3,-0.08366006812200955,0,0,-0.5489135844511608,1,1,1,-0.3970712367850514,23.6874,28.0,-0.8059607675574288,0.16081972715738832,True,False,True,False,True,False,False,False,False,False,False,False,False,False,True,False,True,False
1,3,-0.6100963453267019,0,0,-0.5546970791605981,1,1,1,-0.40573504874214517,22.950000000000003,0.0,-0.8351421500958559,-0.28636798900765603,False,False,True,True,False,False,False,False,False,False,False,False,False,False,True,False,True,False
1,3,-0.3092756154954491,0,0,-0.551755920337654,1,1,1,-0.40132912321473785,23.325000000000003,25.0,-0.8201999887044109,-0.01594763973128568,True,False,True,False,True,False,False,False,False,False,False,False,False,False,True,False,True,False
0,3,0.6683917564561223,0,0,-0.5489135844511608,1,1,1,-0.3970712367850514,23.6874,38.0,-0.8059607675574288,0.640402765438825,True,False,True,False,True,False,False,False,False,False,False,False,False,False,True,False,True,False
1,3,-0.5724937540977952,1,0,-0.16646411453197382,1,2,0,-0.2497652850719262,72.44999999999999,0.0,0.27639678810685203,-0.2499898451208754,False,True,False,True,False,False,False,False,False,False,False,False,False,False,True,False,True,False
0,1,1.345238398576441,0,0,0.4888260712199769,0,1,1,1.1574873283819709,52.0,47.0,1.0527296294545725,0.9765209134031356,True,False,True,False,True,False,False,False,True,False,False,False,False,False,False,False,True,False
0,3,-1.0989300313024875,1,0,-0.3945992162559869,1,2,0,-0.4206411759864696,43.3626,0.0,-0.2307658793066255,-0.8532614204115359,False,False,False,True,False,False,False,False,False,False,False,False,False,False,True,True,False,False
0,3,-0.5348911628688886,0,0,-0.5452853709271769,1,1,1,-0.39163608705444175,24.150000000000002,22.0,-0.7880629125377953,-0.21441128597586506,True,False,True,False,True,False,False,False,False,False,False,False,False,False,True,False,True,False
0,3,-0.685301527784515,1,0,-0.5035209156413704,1,2,0,-0.5022248177923654,29.474999999999998,0.0,-0.6015458297263772,-0.36167269587366996,False,False,True,True,False,False,False,False,False,False,False,False,False,False,True,False,True,False
0,3,-0.9109170751579546,0,0,-0.39450274624659437,1,1,1,-0.16576014659616733,43.3749,0.0,-0.23048961900810686,-0.6112055388695674,False,False,False,True,False,False,False,False,False,False,False,False,False,False,True,True,False,False
0,3,-0.6100963453267019,0,0,-0.548226529750121,1,1,1,-0.39604201258184907,23.775,21.0,-0.8025478579119842,-0.28636798900765603,True,False,True,False,True,False,False,False,False,False,False,False,False,False,True,False,True,False
0,3,3.1125601863350507,0,0,-0.5523441521022427,1,1,1,-0.4022103083202193,23.25,70.5,-0.8231713196326232,1.6215907204708464,True,True,False,False,True,False,False,False,False,False,False,False,False,False,True,False,False,True
0,2,-0.008454885664196365,1,0,-0.2405813168701657,1,2,0,-0.30527994671725833,42.0,29.0,0.13703458990304354,0.21569817843042113,True,False,True,False,True,False,False,False,False,False,False,False,False,False,True,False,True,False
0,1,-0.3844807979532623,0,1,5.089287879132724,0,2,0,3.6868551541176506,247.5208,24.0,2.6620154468820485,-0.07943653299099825,True,False,False,False,True,False,False,True,False,False,False,False,False,False,False,False,True,False
0,3,-2.038994812025152,4,2,0.0011819383758412065,1,7,0,-0.5178973243112858,93.82499999999999,0.0,0.5361711062385779,-3.5116328014824925,False,False,True,True,False,False,False,False,False,False,False,False,False,False,True,False,False,False
0,2,-0.6100963453267019,2,0,0.994705388766366,1,3,0,0.18818371235236112,147.0,21.0,1.4073511321378163,-0.28636798900765603,True,False,True,False,True,False,False,False,False,False,False,False,False,False,True,False,True,False
0,3,-0.3092756154954491,0,0,-0.5452853709271769,1,1,1,-0.39163608705444175,24.150000000000002,25.0,-0.7880629125377953,-0.01594763973128568,True,False,True,False,True,False,False,False,False,False,False,False,False,False,True,False,True,False
0,2,0.2547632529381498,1,0,-0.027152009260873307,1,2,0,-0.14541886962123324,60.1416,32.5,0.49657049699399375,0.39432511964973377,True,False,False,False,True,False,False,False,False,False,False,False,False,False,True,False,True,False
1,2,0.2547632529381498,0,0,-0.4288154815385896,0,1,1,-0.21716143616911202,26.0,0.0,-0.3336856715246667,0.39432511964973377,False,False,True,True,False,False,False,False,False,False,True,False,False,False,False,False,True,False
0,1,1.8716746757811333,0,1,1.083822501101573,0,2,0,0.6867141857784989,77.2875,54.0,1.4589954501671094,1.1968861334624432,True,False,True,False,True,False,False,False,False,True,False,False,False,False,False,False,True,False
1,3,-1.2869429874470204,1,0,-0.4701869980056509,1,2,0,-0.4772573190136536,33.7251,0.0,-0.4734579202486428,-1.137986068452693,True,False,False,False,False,False,False,False,False,False,False,False,False,False,True,False,False,False
0,3,-0.3092756154954491,0,0,-0.5523441521022427,1,1,1,-0.4022103083202193,23.25,25.0,-0.8231713196326232,-0.01594763973128568,True,True,False,False,True,False,False,False,False,False,False,False,False,False,True,False,True,False
1,3,-0.3844807979532623,0,0,-0.5666570073982181,1,1,1,-0.42365130430679426,21.4251,24.0,-0.8982127402553891,-0.07943653299099825,True,False,True,False,True,False,False,False,False,False,False,False,False,False,True,False,True,False
1,3,-0.5724937540977952,1,1,-0.20862150863652568,0,3,0,-0.412687011767657,67.0749,0.0,0.1994278313614533,-0.2499898451208754,False,False,False,True,False,False,False,False,False,False,False,True,False,False,False,False,True,False
0,3,1.1948280336608146,0,0,-0.5705793368044965,1,1,1,-0.4295270465901447,20.924999999999997,45.0,-0.919757602073484,0.9076271427455422,True,False,True,False,True,False,False,False,False,False,False,False,False,False,True,False,True,False
0,3,0.29236584416705635,0,0,-0.5489135844511608,1,1,1,-0.3970712367850514,23.6874,33.0,-0.8059607675574288,0.4183071772010659,True,False,False,False,True,False,False,False,False,False,False,False,False,False,True,False,True,False
0,3,-0.685301527784515,0,0,-0.5688146415107299,1,1,1,-0.4268834912737003,21.15,20.0,-0.9100091616240019,-0.36167269587366996,True,False,True,False,True,False,False,False,False,False,False,False,False,False,True,False,True,False
0,3,1.345238398576441,1,0,-0.3935215756632601,1,2,0,-0.4198340104298486,43.5,0.0,-0.22768400474939252,0.9765209134031356,False,False,True,False,False,True,False,False,False,False,False,False,False,False,True,False,True,False
1,2,-0.008454885664196365,1,0,-0.12293496395240078,1,2,0,-0.21716143616911202,52.0,0.0,0.3503178914890206,0.21569817843042113,False,False,True,False,False,True,False,False,False,False,False,False,False,False,True,False,True,False
0,2,-0.3092756154954491,0,0,-0.4288154815385896,1,1,1,-0.21716143616911202,26.0,25.0,-0.3336856715246667,-0.01594763973128568,True,False,True,False,True,False,False,False,False,False,False,False,False,False,True,False,True,False
0,2,-0.45968598041107545,0,0,-0.3806792997787569,1,1,1,-0.14505229661735292,30.0916,23.0,-0.19164240378344113,-0.14551751531827087,True,False,False,False,True,False,False,False,False,False,False,False,False,False,True,False,True,False
1,1,-0.7605067102423282,0,2,-0.1162691215960802,0,3,0,-0.366571657914127,26.2833,0.0,0.36118847915864183,-0.4406522267396903,False,False,True,True,False,False,False,False,False,True,False,False,False,False,False,True,False,False
0,1,0.5931865739983091,1,0,0.5147082688618853,0,2,0,0.26044089100184115,53.1,37.0,1.0741233950445652,0.598354705854071,True,False,True,False,True,False,False,False,True,False,False,False,False,False,False,False,True,False
0,3,-0.9861222576157678,0,0,-0.5178337709373456,1,1,1,-0.35051294055183285,27.6501,16.0,-0.6617777583251628,-0.7037312515203413,True,False,True,False,True,False,False,False,False,False,False,False,False,False,True,True,False,False
0,1,-0.3844807979532623,0,0,1.1288222310926181,0,1,1,2.116216723145803,79.2,24.0,1.4841314553606355,-0.07943653299099825,True,False,False,False,True,False,False,True,False,False,False,False,False,False,False,False,True,False
0,3,-0.5724937540977952,0,2,-0.3759734456620463,1,3,0,-0.4962527326041491,45.737399999999994,0.0,-0.17874166054436358,-0.2499898451208754,False,False,False,False,False,True,False,False,False,False,False,False,False,False,True,False,True,False
1,3,-0.5348911628688886,0,0,-0.5523441521022427,1,1,1,-0.4022103083202193,23.25,0.0,-0.8231713196326232,-0.21441128597586506,False,False,True,True,False,False,False,False,False,False,False,False,False,False,True,False,True,False
1,3,-0.3844807979532623,1,0,-0.3617570603754636,1,2,0,-0.39604201258184907,47.55,0.0,-0.14071179068068584,-0.07943653299099825,False,False,True,False,False,True,False,False,False,False,False,False,False,False,True,False,True,False
0,3,-0.7605067102423282,0,0,-0.5758734226857958,1,1,1,-0.43745771253947785,20.25,19.0,-0.9495626792929805,-0.4406522267396903,True,True,False,False,True,False,False,False,False,False,False,False,False,False,True,True,False,False
0,2,-0.8357118927001413,0,0,-0.4641093874139191,1,1,1,-0.27003254249799985,23.0,18.0,-0.45171191967458874,-0.5236837228673362,True,False,True,False,True,False,False,False,False,False,False,False,False,False,True,True,False,False
0,2,-0.7605067102423282,1,1,0.13000469482079385,1,3,0,-0.24359698933355592,73.5,19.0,0.6993586737702213,-0.4406522267396903,True,False,True,False,True,False,False,False,False,False,False,False,False,False,True,True,False,False
1,3,-0.15886525057982273,0,0,-0.5512665115095161,1,1,1,-0.4005959772069773,23.3874,27.0,-0.8177342857855271,0.10401532767762588,True,False,True,False,True,False,False,False,False,False,False,False,False,False,True,False,True,False
0,3,-1.51255853482046,2,2,0.0741226771848555,1,5,0,-0.43305178701207053,103.125,0.0,0.6316850771386074,-1.5626906554610969,False,False,True,True,False,False,False,False,False,False,False,False,False,False,True,False,False,False
0,2,0.5555839827694025,0,2,-0.12293496395240078,0,3,0,-0.369900187785899,52.0,36.5,0.3503178914890206,0.5769138721791132,True,False,True,False,True,False,False,False,False,False,False,True,False,False,False,False,True,False
0,2,0.969212486287375,0,0,-0.4288154815385896,1,1,1,-0.21716143616911202,26.0,0.0,-0.3336856715246667,0.7984559438182829,True,False,True,False,False,False,True,False,False,False,False,False,False,False,True,False,True,False
0,2,1.6460591284076938,0,0,-0.43999188506577724,1,1,1,-0.23390395317325982,25.05,0.0,-0.36963395404261046,1.1060907889901215,True,False,True,False,False,False,True,False,False,False,False,False,False,False,True,False,True,False
1,1,-0.5348911628688886,1,0,0.8323534217398503,0,2,0,0.4983608694818361,66.6,0.0,1.3061313407644444,-0.21441128597586506,False,False,True,False,False,True,False,False,True,False,False,False,False,False,False,False,True,False
0,3,1.984482449467853,0,0,-0.5452853709271769,1,1,1,-0.39163608705444175,24.150000000000002,55.5,-0.7880629125377953,1.2404428224917166,True,False,True,False,True,False,False,False,False,False,False,False,False,False,True,False,True,False
0,3,0.8564047126006552,0,2,-0.3935215756632601,1,3,0,-0.5050152372930568,43.5,40.5,-0.22768400474939252,0.7409791624900989,True,False,True,False,True,False,False,False,False,False,False,False,False,False,True,False,True,False
0,3,-0.3092756154954491,0,0,-0.5626382079825473,1,1,1,-0.41763104766614495,21.9375,25.0,-0.8765907612807118,-0.01594763973128568,True,False,True,False,True,False,False,False,False,False,False,False,False,False,True,False,True,False
0,1,1.6460591284076938,0,1,0.7095118058772371,1,2,0,0.4063510455078837,61.3792,51.0,1.2224235919808257,1.1060907889901215,True,False,False,False,True,False,False,False,False,False,False,False,False,False,True,False,True,False
1,3,-0.9861222576157678,0,0,-0.5527370909209881,1,1,1,-0.40279893997068095,23.1999,0.0,-0.8251609020776415,-0.7037312515203413,False,True,False,True,False,False,False,False,False,False,False,False,False,False,True,True,False,False
0,3,0.06675029679361683,0,0,-0.5452853709271769,1,1,1,-0.39163608705444175,24.150000000000002,30.0,-0.7880629125377953,0.26877700830987145,True,False,True,False,True,False,False,False,False,False,False,False,False,False,True,False,True,False
0,3,-0.3092756154954491,0,0,-0.5308736926947507,1,1,1,-0.3700470519701459,25.987499999999997,25.0,-0.7198607416515719,-0.01594763973128568,True,False,True,False,True,False,False,False,False,False,False,False,False,False,True,False,True,False
0,3,-0.3092756154954491,8,2,0.9017647699613317,1,11,0,-0.4525179670695247,208.64999999999998,0.0,1.3506155521651908,-0.01594763973128568,True,False,True,False,False,False,False,False,False,False,False,False,False,False,True,False,True,False
0,3,1.1196228512030013,0,1,-0.3558747427295753,1,2,0,-0.39163608705444175,48.300000000000004,44.0,-0.12537350483735854,0.8720485836005318,True,False,True,False,True,False,False,False,False,False,False,False,False,False,True,False,True,False
1,2,0.8188021213717487,0,0,-0.3641099874338189,1,1,1,-0.12023107456615106,31.5,0.0,-0.14691092079294857,0.7213575976808891,False,False,True,False,False,True,False,False,False,False,False,False,False,False,True,False,True,False
0,3,-0.23407043303763592,0,0,-0.551755920337654,1,1,1,-0.40132912321473785,23.325000000000003,26.0,-0.8201999887044109,0.045144866300543984,True,False,True,False,True,False,False,False,False,False,False,False,False,False,True,False,True,False
0,3,-0.9109170751579546,0,0,-0.5308736926947507,1,1,1,-0.3700470519701459,25.987499999999997,17.0,-0.7198607416515719,-0.6112055388695674,True,False,True,False,True,False,False,False,False,False,False,False,False,False,True,True,False,False
0,3,-2.1141999944829655,4,1,0.19912192715998075,1,6,0,-0.4422307985275025,119.0625,0.0,0.7774002509500836,-4.167983206652603,True,False,True,False,False,False,False,False,False,False,False,False,False,False,True,False,False,False
1,3,-1.51255853482046,0,2,-0.2517577203973534,1,3,0,-0.4342267004860459,61.574999999999996,0.0,0.1143024238920972,-1.5626906554610969,True,False,True,False,False,False,False,False,False,False,False,False,False,False,True,False,False,False
1,1,0.4427762090826827,0,1,0.5594138829706359,0,2,0,0.2939259250101367,55.0,0.0,1.1100716775625095,0.5108328898518398,False,False,True,False,False,True,False,False,False,False,True,False,False,False,False,False,True,False
0,3,1.1948280336608146,1,4,-0.07822934984365013,1,6,0,-0.5114772613999208,83.69999999999999,0.0,0.4211414699329149,0.9076271427455422,False,False,True,False,False,True,False,False,False,False,False,False,False,False,True,False,True,False
0,1,0.8188021213717487,0,0,-0.12469965924616723,1,1,1,0.23841126336480456,25.925,40.0,0.3474209472458788,0.7213575976808891,True,False,True,False,True,False,False,False,False,False,False,False,False,False,True,False,True,False
0,3,-0.08366006812200955,0,0,0.5946089659095145,1,1,1,1.3159526082709134,169.4874,28.0,1.1375245398907599,0.16081972715738832,True,False,True,False,True,False,False,False,False,False,False,False,False,False,True,False,True,False
0,1,2.3981109529858253,0,0,0.05353456542424664,0,1,1,0.5054103503256879,33.5,61.0,0.6056008675559118,1.3908154370312786,True,False,True,False,True,False,False,True,False,False,False,False,False,False,False,False,False,True
0,3,-1.8885844471095259,4,1,-0.04940599337879768,1,6,0,-0.5042809163718222,87.375,0.0,0.46437604604039645,-2.6847290841825044,True,True,False,False,False,False,False,False,False,False,False,False,False,False,True,False,False,False
1,3,-2.1141999944829655,1,1,-0.47273757093690794,1,3,0,-0.5445710492213827,33.3999,0.0,-0.4827210184416704,-4.167983206652603,False,False,True,True,False,False,False,False,False,False,False,False,False,False,True,False,False,False
0,3,-0.6100963453267019,0,0,-0.548226529750121,1,1,1,-0.39604201258184907,23.775,21.0,-0.8025478579119842,-0.28636798900765603,True,False,True,False,True,False,False,False,False,False,False,False,False,False,True,False,True,False
0,1,2.0220850406967594,0,0,-0.012446215146152687,0,1,1,0.4065695794140431,30.6958,56.0,0.5173117273355478,1.2547051110241825,True,False,False,False,True,False,False,False,False,False,False,False,False,False,False,False,True,False
0,3,-0.8357118927001413,1,1,-0.5498924021074366,1,3,0,-0.5830976369465062,23.5626,18.0,-0.8108423936907564,-0.5236837228673362,True,False,True,False,True,False,False,False,False,False,False,False,False,False,True,True,False,False
0,3,-0.3092756154954491,3,1,-0.1354831239546096,1,5,0,-0.49585067721335474,76.4001,0.0,0.3295414409834525,-0.01594763973128568,True,False,True,False,False,False,False,False,False,False,False,False,False,False,True,False,True,False
0,1,1.5708539459498805,0,0,-0.05911181749451332,0,1,1,0.33666340262598765,28.7125,0.0,0.45001698178228305,1.0746575823711766,False,False,False,True,False,False,False,False,True,False,False,False,False,False,False,False,True,False
0,2,0.06675029679361683,0,0,-0.4288154815385896,1,1,1,-0.21716143616911202,26.0,30.0,-0.3336856715246667,0.26877700830987145,True,False,True,False,True,False,False,False,False,False,False,False,False,False,True,False,True,False
0,3,0.5179813915404959,0,0,-0.7346959991247785,1,1,1,-0.675377691019473,0.0,36.0,-3.082133996176616,0.555185233493742,True,False,True,False,True,False,False,False,False,False,False,False,False,False,True,False,True,False
0,3,-0.5724937540977952,8,2,0.9017647699613317,1,11,0,-0.4525179670695247,208.64999999999998,0.0,1.3506155521651908,-0.2499898451208754,False,False,True,True,False,False,False,False,False,False,False,False,False,False,True,False,True,False
0,2,0.06675029679361683,0,0,-0.38058047684230595,1,1,1,-0.144904257519632,30.1,30.0,-0.1913698389421041,0.26877700830987145,True,False,False,False,True,False,False,False,False,False,False,False,False,False,True,False,True,False
0,3,-1.51255853482046,4,2,0.003828981316490934,1,7,0,-0.5173308481720477,94.1625,0.0,0.5397949479212185,-1.5626906554610969,True,False,True,False,False,False,False,False,False,False,False,False,False,False,True,False,False,False
1,2,-2.1141999944829655,2,1,0.18294555363378806,0,4,0,-0.33171549988170224,78.0,0.0,0.7596524029769555,-4.167983206652603,True,False,True,False,False,False,False,False,False,False,False,True,False,False,False,False,False,False
1,3,-1.8885844471095259,0,2,-0.21646381452202393,1,3,0,-0.4166029983764166,66.07499999999999,0.0,0.18446030982092707,-2.6847290841825044,False,False,True,True,False,False,False,False,False,False,False,False,False,False,True,False,False,False
0,1,0.8188021213717487,0,0,0.44176753005287095,0,1,1,1.0869925199434538,50.0,40.0,1.012668891133226,0.7213575976808891,True,False,True,False,True,False,False,False,False,False,False,False,False,False,False,False,True,False
1,3,-0.5724937540977952,1,0,-0.36999230507970715,1,2,0,-0.4022103083202193,46.5,0.0,-0.1625721299622539,-0.2499898451208754,False,True,False,False,False,True,False,False,False,False,False,False,False,False,True,False,True,False
1,1,1.1948280336608146,0,0,-0.10999386513144661,1,1,1,0.26044089100184115,26.55,45.0,0.37131944389592797,0.9076271427455422,True,False,True,False,True,False,False,False,False,False,False,False,False,False,True,False,True,False
0,3,0.8188021213717487,1,1,-0.36999230507970715,1,3,0,-0.49326610255330383,46.5,40.0,-0.1625721299622539,0.7213575976808891,True,True,False,False,True,False,False,False,False,False,False,False,False,False,True,False,True,False
0,3,0.5179813915404959,0,0,-0.5489135844511608,1,1,1,-0.3970712367850514,23.6874,36.0,-0.8059607675574288,0.555185233493742,True,False,True,False,True,False,False,False,False,False,False,False,False,False,True,False,True,False
1,2,0.2171606617092432,0,0,-0.4288154815385896,1,1,1,-0.21716143616911202,26.0,0.0,-0.3336856715246667,0.36998241616245464,False,False,True,False,False,True,False,False,False,False,False,False,False,False,True,False,True,False
0,2,-0.7605067102423282,0,0,-0.4288154815385896,1,1,1,-0.21716143616911202,26.0,19.0,-0.3336856715246667,-0.4406522267396903,True,False,True,False,True,False,False,False,False,False,False,False,False,False,True,True,False,False
1,3,-0.7605067102423282,1,0,-0.5498924021074366,1,2,0,-0.5369576099100228,23.5626,0.0,-0.8108423936907564,-0.4406522267396903,False,False,True,True,False,False,False,False,False,False,False,False,False,False,True,True,False,False
1,2,-1.9637896295673392,1,1,-0.12293496395240078,0,3,0,-0.369900187785899,52.0,0.0,0.3503178914890206,-3.0459447779311963,True,False,True,False,False,False,False,False,False,False,False,True,False,False,False,False,False,False
1,1,1.1196228512030013,0,0,-0.08244579513222278,0,1,1,0.301708551861749,27.7208,0.0,0.4146636500426548,0.8720485836005318,False,False,False,False,False,True,False,True,False,False,False,False,False,False,False,False,True,False
1,1,2.172495405612386,0,0,2.7128315501938722,0,1,1,4.489100173109663,146.5208,0.0,2.118839123947159,1.3105299284608571,False,False,False,True,False,False,False,True,False,False,False,False,False,False,False,False,True,False
0,3,-0.3092756154954491,0,0,-0.5523441521022427,1,1,1,-0.4022103083202193,23.25,25.0,-0.8231713196326232,-0.01594763973128568,True,True,False,False,True,False,False,False,False,False,False,False,False,False,True,False,True,False
0,3,0.969212486287375,0,1,-0.5369513032864824,1,2,0,-0.5272645737497267,25.2126,42.0,-0.7480799086676684,0.7984559438182829,True,False,True,False,True,False,False,False,False,False,False,False,False,False,True,False,True,False
1,3,-0.5724937540977952,0,0,-0.5523441521022427,1,1,1,-0.4022103083202193,23.25,0.0,-0.8231713196326232,-0.2499898451208754,False,True,False,True,False,False,False,False,False,False,False,False,False,False,True,False,True,False
0,2,-0.3844807979532623,0,0,-0.4288154815385896,1,1,1,-0.21716143616911202,26.0,0.0,-0.3336856715246667,-0.07943653299099825,False,False,True,True,False,False,False,False,False,False,False,False,False,False,True,False,True,False
0,3,-0.08366006812200955,0,0,-0.5111679285810251,1,1,1,-0.34052735093651687,28.5,28.0,-0.6332923913899642,0.16081972715738832,True,False,True,False,True,False,False,False,False,False,False,False,False,False,True,False,True,False
0,3,-0.3092756154954491,8,2,0.9017647699613317,1,11,0,-0.4525179670695247,208.64999999999998,25.0,1.3506155521651908,-0.01594763973128568,True,False,True,False,True,False,False,False,False,False,False,False,False,False,True,False,True,False
0,3,0.36757102662486957,0,0,-0.581854563268135,1,1,1,-0.4464176026920134,19.4874,34.0,-0.9842950417749682,0.4652310214263179,True,False,True,False,True,False,False,False,False,False,False,False,False,False,True,False,True,False
0,3,1.2324306248897212,0,0,-0.5646970191586081,1,1,1,-0.42071519553533004,21.674999999999997,45.5,-0.8876115073381831,0.9251274134799828,True,False,False,False,True,False,False,False,False,False,False,False,False,False,True,False,True,False
1,3,-0.8357118927001413,0,0,-0.5452853709271769,1,1,1,-0.39163608705444175,24.150000000000002,18.0,-0.7880629125377953,-0.5236837228673362,True,False,True,False,True,False,False,False,False,False,False,False,False,False,True,True,False,False
0,3,-2.038994812025152,0,1,-0.48852100564435524,0,2,0,-0.4909897076974768,31.387500000000003,0.0,-0.5419513459111754,-3.5116328014824925,False,False,True,True,False,False,False,False,False,False,False,False,True,False,False,False,False,False
0,3,0.2171606617092432,1,0,-0.3617570603754636,1,2,0,-0.39604201258184907,47.55,32.0,-0.14071179068068584,0.36998241616245464,True,False,True,False,True,False,False,False,False,False,False,False,False,False,True,False,True,False
1,3,-0.23407043303763592,0,0,-0.29263982803627664,1,1,1,-0.013167084250153211,56.362500000000004,26.0,0.02664910909916204,0.045144866300543984,True,False,False,False,True,False,False,False,False,False,False,False,False,False,True,False,True,False
1,3,-0.9861222576157678,0,0,-0.5523441521022427,1,1,1,-0.4022103083202193,23.25,0.0,-0.8231713196326232,-0.7037312515203413,False,True,False,True,False,False,False,False,False,False,False,False,False,False,True,True,False,False
1,1,0.8188021213717487,0,0,-0.005288611034635832,0,1,1,0.4172918397775416,31.0,40.0,0.5272593765413239,0.7213575976808891,True,False,False,False,True,False,False,False,False,False,False,False,False,False,False,False,True,False
0,3,-0.3844807979532623,0,0,-0.5688146415107299,1,1,1,-0.4268834912737003,21.15,24.0,-0.9100091616240019,-0.07943653299099825,True,False,True,False,True,False,False,False,False,False,False,False,False,False,True,False,True,False
1,2,0.4427762090826827,0,0,-0.2405813168701657,1,1,1,0.06481779758495625,42.0,0.0,0.13703458990304354,0.5108328898518398,False,False,True,True,False,False,False,False,False,False,False,False,False,False,True,False,True,False
0,3,-0.5348911628688886,0,0,-0.5641087873940193,1,1,1,-0.4198340104298486,21.75,22.0,-0.884450804505842,-0.21441128597586506,True,False,True,False,True,False,False,False,False,False,False,False,False,False,True,False,True,False
0,2,0.06675029679361683,0,0,-0.4288154815385896,1,1,1,-0.21716143616911202,26.0,30.0,-0.3336856715246667,0.26877700830987145,True,False,True,False,True,False,False,False,False,False,False,False,False,False,True,False,True,False
0,3,-0.3092756154954491,1,0,-0.5523441521022427,1,2,0,-0.5387939996698461,23.25,25.0,-0.8231713196326232,-0.01594763973128568,True,True,False,False,True,False,False,False,False,False,False,False,False,False,True,False,True,False
1,1,0.14195547925143,1,0,1.9305821262271863,0,2,0,1.3209471654487823,113.275,0.0,1.8528928368906141,0.32017050823302495,False,False,False,True,False,False,False,False,False,True,False,False,False,False,False,False,True,False
1,3,-0.15886525057982273,0,0,-0.548226529750121,1,1,1,-0.39604201258184907,23.775,0.0,-0.8025478579119842,0.10401532767762588,False,False,True,True,False,False,False,False,False,False,False,False,False,False,True,False,True,False
0,2,0.969212486287375,1,0,-0.09940569336884779,1,2,0,-0.19953773405948275,54.0,42.0,0.3881930030189209,0.7984559438182829,True,False,True,False,True,False,False,False,False,False,False,False,False,False,True,False,True,False
1,1,0.2171606617092432,0,0,1.060392053454471,0,1,1,2.0137066974549334,76.2917,0.0,1.4456634513761963,0.36998241616245464,False,False,False,True,False,False,False,False,False,True,False,False,False,False,False,False,True,False
0,2,0.06675029679361683,0,0,-0.4876386579974721,1,1,1,-0.30527994671725833,21.0,30.0,-0.5385497616659674,0.26877700830987145,True,False,True,False,True,False,False,False,False,False,False,False,False,False,True,False,True,False
1,3,-0.9861222576157678,0,0,-0.5452853709271769,1,1,1,-0.39163608705444175,24.150000000000002,16.0,-0.7880629125377953,-0.7037312515203413,True,False,True,False,True,False,False,False,False,False,False,False,False,False,True,True,False,False
0,2,-0.15886525057982273,0,0,-0.4288154815385896,1,1,1,-0.21716143616911202,26.0,27.0,-0.3336856715246667,0.10401532767762588,True,False,True,False,True,False,False,False,False,False,False,False,False,False,True,False,True,False
0,3,1.6460591284076938,0,0,-0.5452853709271769,1,1,1,-0.39163608705444175,24.150000000000002,51.0,-0.7880629125377953,1.1060907889901215,True,False,True,False,True,False,False,False,False,False,False,False,False,False,True,False,True,False
0,3,-0.3092756154954491,0,0,-0.5489135844511608,1,1,1,-0.3970712367850514,23.6874,25.0,-0.8059607675574288,-0.01594763973128568,True,False,True,False,True,False,False,False,False,False,False,False,False,False,True,False,True,False
1,1,0.6683917564561223,1,0,1.3829383533949904,0,2,0,0.910755498847161,90.0,38.0,1.6157041728918846,0.640402765438825,True,False,True,False,True,False,False,False,True,False,False,False,False,False,False,False,True,False
0,3,-0.5348911628688886,0,0,-0.5146973191685581,1,1,1,-0.3458144615694057,28.049999999999997,22.0,-0.6482775532886053,-0.21441128597586506,True,False,True,False,True,False,False,False,False,False,False,False,False,False,True,False,True,False
1,2,-0.7605067102423282,0,0,-0.4876386579974721,1,1,1,-0.30527994671725833,21.0,19.0,-0.5385497616659674,-0.4406522267396903,True,False,True,False,True,False,False,False,False,False,False,False,False,False,True,True,False,False
0,3,-0.6476989365556084,0,0,-0.5641087873940193,1,1,1,-0.4198340104298486,21.75,20.5,-0.884450804505842,-0.32358248490312436,True,False,True,False,True,False,False,False,False,False,False,False,False,False,True,False,True,False
0,2,-0.8357118927001413,0,0,-0.4288154815385896,1,1,1,-0.21716143616911202,26.0,18.0,-0.3336856715246667,-0.5236837228673362,True,False,True,False,True,False,False,False,False,False,False,False,False,False,True,True,False,False
0,3,-0.5724937540977952,3,1,-0.1354831239546096,1,5,0,-0.49585067721335474,76.4001,0.0,0.3295414409834525,-0.2499898451208754,False,False,True,True,False,False,False,False,False,False,False,False,False,False,True,False,True,False
1,1,0.4427762090826827,1,0,1.229409862837307,0,2,0,0.79576084258183,83.475,0.0,1.538216200077281,0.5108328898518398,False,False,True,False,False,True,False,False,True,False,False,False,False,False,False,False,True,False
0,3,-0.008454885664196365,0,0,-0.551755920337654,1,1,1,-0.40132912321473785,23.325000000000003,29.0,-0.8201999887044109,0.21569817843042113,True,False,True,False,True,False,False,False,False,False,False,False,False,False,True,False,True,False
0,2,2.2477005880701992,0,0,-0.4170508462468131,1,1,1,-0.19953773405948275,27.0,59.0,-0.2971397889995716,1.3377366071518277,True,False,True,False,True,False,False,False,False,False,False,False,False,False,True,False,True,False
1,3,-1.8133792646517128,4,2,0.003828981316490934,1,7,0,-0.5173308481720477,94.1625,0.0,0.5397949479212185,-2.3895943727610853,False,False,True,True,False,False,False,False,False,False,False,False,False,False,True,False,False,False
0,2,-0.3844807979532623,0,0,-0.4876386579974721,1,1,1,-0.30527994671725833,21.0,24.0,-0.5385497616659674,-0.07943653299099825,True,False,True,False,True,False,False,False,False,False,False,False,False,False,True,False,True,False
0,3,-0.5724937540977952,0,0,-0.5570500062189534,1,1,1,-0.409259789164071,22.65,0.0,-0.8472521793809467,-0.2499898451208754,False,False,True,True,False,False,False,False,False,False,False,False,False,False,True,False,True,False
0,2,1.1196228512030013,1,0,-0.12293496395240078,1,2,0,-0.21716143616911202,52.0,44.0,0.3503178914890206,0.8720485836005318,True,False,True,False,True,False,False,False,False,False,False,False,False,False,True,False,True,False
1,2,-1.5877637172782733,0,2,-0.11705264630651252,1,3,0,-0.3669629041009608,52.5,0.0,0.3599165841728647,-1.7332439675909739,False,False,True,True,False,False,False,False,False,False,False,False,False,False,True,False,False,False
0,2,-0.7605067102423282,0,0,-0.4876386579974721,1,1,1,-0.30527994671725833,21.0,19.0,-0.5385497616659674,-0.4406522267396903,True,False,True,False,True,False,False,False,False,False,False,False,False,False,True,True,False,False
0,2,0.29236584416705635,0,0,-0.4458742027116655,1,1,1,-0.24271580422807446,24.55,33.0,-0.3890645696000531,0.4183071772010659,True,False,True,False,True,False,False,False,False,False,False,False,False,False,True,False,True,False
0,3,-0.5724937540977952,1,0,-0.3945992162559869,1,2,0,-0.4206411759864696,43.3626,0.0,-0.2307658793066255,-0.2499898451208754,False,False,False,True,False,False,False,False,False,False,False,False,False,False,True,False,True,False
1,3,-0.5724937540977952,1,0,-0.36999230507970715,1,2,0,-0.4022103083202193,46.5,0.0,-0.1625721299622539,-0.2499898451208754,False,True,False,True,False,False,False,False,False,False,False,False,False,False,True,False,True,False
0,2,-0.008454885664196365,0,0,-0.4876386579974721,1,1,1,-0.30527994671725833,21.0,29.0,-0.5385497616659674,0.21569817843042113,True,False,True,False,True,False,False,False,False,False,False,False,False,False,True,False,True,False
0,3,-0.5348911628688886,0,0,-0.5670499462169634,1,1,1,-0.4242399359572559,21.375,22.0,-0.9003511253244326,-0.21441128597586506,True,False,True,False,True,False,False,False,False,False,False,False,False,False,True,False,True,False
0,3,0.06675029679361683,0,0,-0.5646970191586081,1,1,1,-0.42071519553533004,21.674999999999997,30.0,-0.8876115073381831,0.26877700830987145,True,False,False,False,True,False,False,False,False,False,False,False,False,False,True,False,True,False
0,1,1.1196228512030013,2,0,1.3829383533949904,0,3,0,0.38204443555828305,90.0,0.0,1.6157041728918846,0.8720485836005318,True,True,False,False,False,False,True,False,True,False,False,False,False,False,False,False,True,False
0,3,-0.3092756154954491,0,0,-0.551755920337654,1,1,1,-0.40132912321473785,23.325000000000003,0.0,-0.8201999887044109,-0.01594763973128568,False,False,True,True,False,False,False,False,False,False,False,False,False,False,True,False,True,False
1,2,-0.3844807979532623,0,2,-0.3935215756632601,1,3,0,-0.5050152372930568,29.0,0.0,-0.22768400474939252,-0.07943653299099825,False,False,True,False,False,True,False,False,False,False,False,False,False,False,True,False,True,False
1,1,0.5931865739983091,1,1,0.501865992977382,0,3,0,-0.05791131407955404,52.5542,37.0,1.0635631250648405,0.598354705854071,True,False,True,False,True,False,False,False,False,True,False,False,False,False,False,False,True,False
0,2,1.8716746757811333,1,0,-0.12293496395240078,1,2,0,-0.21716143616911202,52.0,0.0,0.3503178914890206,1.1968861334624432,True,False,True,False,False,False,True,False,False,False,False,False,False,False,True,False,True,False
0,3,-0.3092756154954491,0,0,-0.5641087873940193,1,1,1,-0.4198340104298486,21.75,25.0,-0.884450804505842,-0.01594763973128568,True,False,True,False,True,False,False,False,False,False,False,False,False,False,True,False,True,False
0,3,-0.008454885664196365,1,1,-0.48852100564435524,0,3,0,-0.5524523688048087,31.387500000000003,0.0,-0.5419513459111754,0.21569817843042113,False,False,True,False,False,True,False,False,False,False,False,False,True,False,False,False,True,False
0,1,2.4733161354436386,0,0,-0.10999386513144661,0,1,1,0.26044089100184115,26.55,62.0,0.37131944389592797,1.416716138017848,True,False,True,False,True,False,False,False,True,False,False,False,False,False,False,False,False,True
0,3,0.06675029679361683,1,0,-0.3558747427295753,1,2,0,-0.39163608705444175,48.300000000000004,30.0,-0.12537350483735854,0.26877700830987145,True,False,True,False,True,False,False,False,False,False,False,False,False,False,True,False,True,False
0,3,0.8940073038295618,0,2,-0.2591106174547137,1,3,0,-0.43789830509221855,60.637499999999996,0.0,0.09907181047596665,0.7603657328477373,False,False,True,False,False,True,False,False,False,False,False,False,False,False,True,False,True,False
1,3,-0.008454885664196365,0,2,-0.3759734456620463,1,3,0,-0.4962527326041491,45.737399999999994,0.0,-0.17874166054436358,0.21569817843042113,False,False,False,False,False,True,False,False,False,False,False,False,False,False,True,False,True,False
1,1,0.4427762090826827,0,0,1.1288222310926181,1,1,1,2.116216723145803,79.2,0.0,1.4841314553606355,0.5108328898518398,False,False,False,False,False,True,False,False,False,False,False,False,False,False,True,False,True,False
1,1,0.06675029679361683,0,0,1.3005859063525549,0,1,1,2.37352277394639,86.5,0.0,1.5748577304337725,0.26877700830987145,False,False,True,True,False,False,False,True,False,False,False,False,False,False,False,False,True,False
1,1,0.4427762090826827,0,0,5.124238728242953,1,1,1,8.101445198430158,249.00622000000035,0.0,2.668221715908568,0.5108328898518398,False,False,False,True,False,False,False,False,False,False,False,False,False,False,True,False,True,False
1,2,1.5708539459498805,0,1,-0.12293496395240078,1,2,0,-0.21716143616911202,52.0,0.0,0.3503178914890206,1.0746575823711766,False,False,True,False,False,True,False,False,False,False,False,False,False,False,True,False,True,False
0,3,-0.3092756154954491,0,0,-0.5523441521022427,1,1,1,-0.4022103083202193,23.25,25.0,-0.8231713196326232,-0.01594763973128568,True,True,False,False,True,False,False,False,False,False,False,False,False,False,True,False,True,False
1,3,-1.9637896295673392,4,2,0.003828981316490934,1,7,0,-0.5173308481720477,94.1625,0.0,0.5397949479212185,-3.0459447779311963,True,False,True,False,False,False,False,False,False,False,False,False,False,False,True,False,False,False
0,1,1.7212643108655068,1,1,1.139410402855217,0,3,0,0.26044089100184115,79.65,52.0,1.4899586742034754,1.1369252313052896,True,False,True,False,True,False,False,False,False,False,True,False,False,False,False,False,True,False
0,1,0.8188021213717487,0,0,-0.7346959991247785,0,1,1,-0.675377691019473,0.0,40.0,-3.082133996176616,0.7213575976808891,True,False,True,False,True,False,False,True,False,False,False,False,False,False,False,False,True,False
0,3,-0.5724937540977952,0,0,-0.5523441521022427,1,1,1,-0.4022103083202193,23.25,0.0,-0.8231713196326232,-0.2499898451208754,False,True,False,True,False,False,False,False,False,False,False,False,False,False,True,False,True,False
0,2,0.5179813915404959,0,0,-0.4876386579974721,1,1,1,-0.30527994671725833,21.0,36.0,-0.5385497616659674,0.555185233493742,True,False,True,False,True,False,False,False,False,False,False,False,False,False,True,False,True,False
0,3,-0.9861222576157678,4,1,0.19912192715998075,1,6,0,-0.4422307985275025,119.0625,16.0,0.7774002509500836,-0.7037312515203413,True,False,True,False,True,False,False,False,False,False,False,False,False,False,True,True,False,False
1,3,-0.3092756154954491,1,0,-0.551755920337654,1,2,0,-0.5383534071171054,23.325000000000003,25.0,-0.8201999887044109,-0.01594763973128568,True,False,True,False,True,False,False,False,False,False,False,False,False,False,True,False,True,False
1,1,2.172495405612386,0,1,2.876164687803722,0,2,0,2.0291996939795083,153.4625,0.0,2.166727286401155,1.3105299284608571,False,False,True,False,False,True,False,False,True,False,False,False,False,False,False,False,True,False
1,1,0.4427762090826827,0,0,2.456656616715439,0,1,1,4.105344059672485,135.6333,0.0,2.038992667117087,0.5108328898518398,False,False,True,True,False,False,False,False,True,False,False,False,False,False,False,False,True,False
0,1,0.8188021213717487,0,0,-0.005288611034635832,1,1,1,0.4172918397775416,31.0,40.0,0.5272593765413239,0.7213575976808891,True,False,True,False,True,False,False,False,False,False,False,False,False,False,True,False,True,False
1,3,-0.3092756154954491,0,0,-0.7346959991247785,1,1,1,-0.675377691019473,0.0,25.0,-3.082133996176616,-0.01594763973128568,True,False,True,False,True,False,False,False,False,False,False,False,False,False,True,False,True,False
1,2,0.8940073038295618,0,1,-0.2758752227454952,1,2,0,-0.33171549988170224,39.0,0.0,0.06348986917184116,0.7603657328477373,False,False,True,False,False,True,False,False,False,False,False,False,False,False,True,False,True,False
0,1,0.5931865739983091,0,1,-0.03587666279325473,0,2,0,-0.15195373836348375,29.7,37.0,0.48406702968622406,0.598354705854071,True,False,False,False,True,False,False,False,True,False,False,False,False,False,False,False,True,False
1,3,-0.5724937540977952,0,0,-0.5523441521022427,1,1,1,-0.4022103083202193,23.25,0.0,-0.8231713196326232,-0.2499898451208754,False,True,False,True,False,False,False,False,False,False,False,False,False,False,True,False,True,False
1,1,2.548521317901452,1,0,1.0996059358090202,0,2,0,0.6985361651536383,77.9583,0.0,1.4678810219745526,1.4422089369544315,False,False,True,True,False,False,False,False,False,True,False,False,False,False,False,False,False,True
0,3,1.1948280336608146,0,0,-0.5523441521022427,1,1,1,-0.4022103083202193,23.25,0.0,-0.8231713196326232,0.9076271427455422,False,False,True,True,False,False,False,False,False,False,False,False,False,False,True,False,True,False
0,2,0.06675029679361683,0,0,-0.7346959991247785,1,1,1,-0.675377691019473,0.0,30.0,-3.082133996176616,0.26877700830987145,True,False,True,False,True,False,False,False,False,False,False,False,False,False,True,False,True,False
0,3,-1.6629688997360863,4,1,-0.04940599337879768,1,6,0,-0.5042809163718222,87.375,0.0,0.46437604604039645,-1.9239063492097896,True,True,False,False,False,False,False,False,False,False,False,False,False,False,True,False,False,False
1,3,0.4427762090826827,1,1,-0.2582282698078304,1,3,0,-0.43745771253947785,60.75,0.0,0.10091128834697885,0.5108328898518398,False,False,True,False,False,True,False,False,False,False,False,False,False,False,True,False,True,False
0,3,2.6989316828170784,0,0,-0.5523441521022427,1,1,1,-0.4022103083202193,23.25,65.0,-0.8231713196326232,1.4920208448838612,True,True,False,False,True,False,False,False,False,False,False,False,False,False,True,False,False,True
0,3,-0.08366006812200955,0,0,-0.5498924021074366,1,1,1,-0.39853752880057264,23.5626,28.0,-0.8108423936907564,0.16081972715738832,True,False,True,False,True,False,False,False,False,False,False,False,False,False,True,False,True,False
0,3,-0.9861222576157678,0,0,-0.5111679285810251,1,1,1,-0.34052735093651687,28.5,16.0,-0.6332923913899642,-0.7037312515203413,True,False,True,False,True,False,False,False,False,False,False,False,False,False,True,True,False,False
1,3,-0.7605067102423282,0,0,-0.5452853709271769,1,1,1,-0.39163608705444175,24.150000000000002,19.0,-0.7880629125377953,-0.4406522267396903,True,False,True,False,True,False,False,False,False,False,False,False,False,False,True,True,False,False
0,1,0.8188021213717487,0,0,-0.12293496395240078,0,1,1,0.24105481868124892,26.0,40.0,0.3503178914890206,0.7213575976808891,True,False,True,False,True,False,False,False,False,False,False,False,False,False,False,False,True,False
0,3,0.29236584416705635,0,0,-0.5308736926947507,1,1,1,-0.3700470519701459,25.987499999999997,33.0,-0.7198607416515719,0.4183071772010659,True,False,False,False,True,False,False,False,False,False,False,False,False,False,True,False,True,False
1,3,0.06675029679361683,0,0,-0.5111679285810251,1,1,1,-0.34052735093651687,28.5,30.0,-0.6332923913899642,0.26877700830987145,True,False,True,False,True,False,False,False,False,False,False,False,False,False,True,False,True,False
0,3,-0.5348911628688886,0,0,-0.5489135844511608,1,1,1,-0.3970712367850514,23.6874,22.0,-0.8059607675574288,-0.21441128597586506,True,False,True,False,True,False,False,False,False,False,False,False,False,False,True,False,True,False
1,2,0.969212486287375,0,0,-0.4288154815385896,1,1,1,-0.21716143616911202,26.0,42.0,-0.3336856715246667,0.7984559438182829,True,False,True,False,True,False,False,False,False,False,False,False,False,False,True,False,True,False
1,3,-0.5348911628688886,0,0,-0.5523441521022427,1,1,1,-0.4022103083202193,23.25,0.0,-0.8231713196326232,-0.21441128597586506,False,True,False,True,False,False,False,False,False,False,False,False,False,False,True,False,True,False
1,1,-0.23407043303763592,0,0,1.1205869863883744,1,1,1,2.103880131669062,78.85,0.0,1.4795765243339813,0.045144866300543984,False,False,True,True,False,False,False,False,False,False,False,False,False,False,True,False,True,False
1,1,-0.7605067102423282,1,0,1.4083311422087608,0,2,0,0.929774998163873,91.0792,0.0,1.6279824295619338,-0.4406522267396903,False,False,False,False,False,True,False,True,False,False,False,False,False,False,False,True,False,False
0,2,0.5179813915404959,0,0,-0.4317566403615337,0,1,1,-0.22156736169651933,25.75,36.0,-0.3430260999086414,0.555185233493742,True,False,False,False,True,False,False,False,False,True,False,False,False,False,False,False,True,False
0,3,-0.3844807979532623,0,0,-0.5264619544603346,1,1,1,-0.363438163679035,26.549999999999997,0.0,-0.6998450560548872,-0.07943653299099825,False,False,True,True,False,False,False,False,False,False,False,False,False,False,True,False,True,False
0,3,-0.3844807979532623,0,0,-0.5489135844511608,1,1,1,-0.3970712367850514,23.6874,24.0,-0.8059607675574288,-0.07943653299099825,True,False,True,False,True,False,False,False,False,False,False,False,False,False,True,False,True,False
0,1,0.8188021213717487,0,0,-0.08244579513222278,1,1,1,0.301708551861749,27.7208,40.0,0.4146636500426548,0.7213575976808891,True,False,False,False,True,False,False,False,False,False,False,False,False,False,True,False,True,False
0,3,-0.42208338918216887,0,0,-0.5645981962221572,1,1,1,-0.4205671564376092,21.6876,23.5,-0.8870798384162878,-0.11213985287777248,True,False,False,False,True,False,False,False,False,False,False,False,False,False,True,False,True,False
0,1,-2.038994812025152,1,2,2.831164957812677,0,4,0,0.6600583363376848,151.55,0.0,2.153751916417376,-3.5116328014824925,False,False,True,True,False,False,False,False,True,False,False,False,False,False,False,False,False,False
1,1,0.8188021213717487,0,0,-0.017053246326412325,0,1,1,0.3996681376679123,30.5,40.0,0.5108582378319145,0.7213575976808891,True,False,True,False,True,False,False,False,True,False,False,False,False,False,False,False,True,False
1,1,1.5708539459498805,0,1,5.089287879132724,0,2,0,3.6868551541176506,247.5208,0.0,2.6620154468820485,1.0746575823711766,False,False,False,False,False,True,False,True,False,False,False,False,False,False,False,False,True,False
1,3,-0.5724937540977952,0,0,-0.5523441521022427,1,1,1,-0.4022103083202193,23.25,0.0,-0.8231713196326232,-0.2499898451208754,False,True,False,True,False,False,False,False,False,False,False,False,False,False,True,False,True,False
1,3,-0.3092756154954491,2,0,-0.1876404580571715,1,3,0,-0.4022103083202193,69.75,25.0,0.2384449893574562,-0.01594763973128568,True,True,False,False,True,False,False,False,False,False,False,False,False,False,True,False,True,False
0,3,-0.7605067102423282,0,0,-0.7346959991247785,1,1,1,-0.675377691019473,0.0,19.0,-3.082133996176616,-0.4406522267396903,True,False,True,False,True,False,False,False,False,False,False,False,False,False,True,True,False,False
1,2,-0.08366006812200955,0,0,-0.4441095074178991,0,1,1,-0.2400722489116301,24.7,0.0,-0.38319722572109616,0.16081972715738832,False,True,False,True,False,False,False,False,False,False,True,False,False,False,False,False,True,False
0,3,-0.3092756154954491,0,0,-0.5452853709271769,1,1,1,-0.39163608705444175,24.150000000000002,25.0,-0.7880629125377953,-0.01594763973128568,True,False,True,False,True,False,False,False,False,False,False,False,False,False,True,False,True,False
1,1,-2.1202164090795903,1,2,2.831164957812677,0,4,0,0.6600583363376848,151.55,0.0,2.153751916417376,-4.234064188979876,True,False,True,False,False,False,False,False,True,False,False,False,False,False,False,False,False,False
1,1,0.4427762090826827,0,0,1.8743071697725027,1,1,1,3.232970805245837,110.8833,0.0,1.830864631844808,0.5108328898518398,False,False,False,True,False,False,False,False,False,False,False,False,False,False,True,False,True,False
1,1,-0.9109170751579546,1,0,1.827641567424142,0,2,0,1.2438434687191542,108.9,0.0,1.8122377613733929,-0.6112055388695674,False,False,False,False,False,True,False,False,True,False,False,False,False,False,False,True,False,False
0,2,0.06675029679361683,1,0,-0.16999350511950675,1,2,0,-0.2524088403883706,48.0,30.0,0.2701667548689989,0.26877700830987145,True,False,False,False,True,False,False,False,False,False,False,False,False,False,True,False,True,False
1,1,0.06675029679361683,0,0,0.6048065517804263,0,1,1,1.3312288332595401,56.9292,0.0,1.1453454953331452,0.26877700830987145,False,False,False,True,False,False,False,False,False,False,True,False,False,False,False,False,True,False
1,1,-0.3844807979532623,0,0,1.2219581428434958,0,1,1,2.255736523266894,83.1583,0.0,1.534304424039823,-0.07943653299099825,False,False,False,True,False,False,False,False,True,False,False,False,False,False,False,False,True,False
1,1,-0.8357118927001413,2,2,5.124238728242953,0,5,0,1.0799868868704532,249.00622000000035,0.0,2.668221715908568,-0.5236837228673362,False,False,False,True,False,False,False,True,False,False,False,False,False,False,False,True,False,False
0,2,-0.23407043303763592,1,1,-0.12293496395240078,1,3,0,-0.369900187785899,52.0,0.0,0.3503178914890206,0.045144866300543984,False,False,True,False,False,True,False,False,False,False,False,False,False,False,True,False,True,False
0,3,-0.08366006812200955,0,0,-0.5489135844511608,1,1,1,-0.3970712367850514,23.6874,28.0,-0.8059607675574288,0.16081972715738832,True,False,True,False,True,False,False,False,False,False,False,False,False,False,True,False,True,False
0,2,1.0444176687451883,1,1,-0.11705264630651252,1,3,0,-0.3669629041009608,52.5,43.0,0.3599165841728647,0.8356704397137504,True,False,True,False,True,False,False,False,False,False,False,False,False,False,True,False,True,False
1,3,-0.23407043303763592,0,0,-0.5498924021074366,1,1,1,-0.39853752880057264,23.5626,0.0,-0.8108423936907564,0.045144866300543984,False,False,True,True,False,False,False,False,False,False,False,False,False,False,True,False,True,False
1,2,-0.3844807979532623,1,0,-0.12293496395240078,1,2,0,-0.21716143616911202,52.0,0.0,0.3503178914890206,-0.07943653299099825,False,False,True,False,False,True,False,False,False,False,False,False,False,False,True,False,True,False
0,2,1.8716746757811333,0,0,-0.40528621095503664,1,1,1,-0.1819140319498535,28.0,0.0,-0.2618329914319296,1.1968861334624432,True,False,True,False,False,False,True,False,False,False,False,False,False,False,True,False,True,False
1,1,0.14195547925143,0,2,3.144497195392677,0,3,0,1.2616633813789375,164.8667,0.0,2.240913059745378,0.32017050823302495,False,False,True,True,False,False,False,False,True,False,False,False,False,False,False,False,True,False
1,1,0.8188021213717487,1,1,2.4299908943630983,0,3,0,0.9048809314772847,134.5,0.0,2.030318366716059,0.7213575976808891,False,False,False,False,False,True,False,False,False,False,True,False,False,False,False,False,True,False
0,3,-0.5348911628688886,0,0,-0.5641087873940193,1,1,1,-0.4198340104298486,21.75,22.0,-0.884450804505842,-0.21441128597586506,True,False,True,False,True,False,False,False,False,False,False,False,False,False,True,False,True,False
0,3,-0.15886525057982273,0,0,-0.5489135844511608,1,1,1,-0.3970712367850514,23.6874,27.0,-0.8059607675574288,0.10401532767762588,True,False,True,False,True,False,False,False,False,False,False,False,False,False,True,False,True,False
1,2,0.06675029679361683,0,0,-0.4441095074178991,1,1,1,-0.2400722489116301,24.7,0.0,-0.38319722572109616,0.26877700830987145,False,True,False,True,False,False,False,False,False,False,False,False,False,False,True,False,True,False
1,2,-0.5348911628688886,1,1,-0.052347152201741805,1,3,0,-0.33465278356664047,58.0,0.0,0.4600456831116585,-0.21441128597586506,False,False,True,False,False,True,False,False,False,False,False,False,False,False,True,False,True,False
0,3,-0.3092756154954491,8,2,0.9017647699613317,1,11,0,-0.4525179670695247,208.64999999999998,25.0,1.3506155521651908,-0.01594763973128568,True,False,True,False,True,False,False,False,False,False,False,False,False,False,True,False,True,False
1,1,0.5179813915404959,0,0,2.456656616715439,0,1,1,4.105344059672485,135.6333,0.0,2.038992667117087,0.555185233493742,False,False,False,True,False,False,False,False,True,False,False,False,False,False,False,False,True,False
0,3,2.3981109529858253,0,0,-0.5879321738598666,1,1,1,-0.4555220072018478,18.7125,61.0,-1.020815618059678,1.3908154370312786,True,False,True,False,True,False,False,False,False,False,False,False,False,False,True,False,False,True
1,2,0.5179813915404959,0,0,-0.4288154815385896,0,1,1,-0.21716143616911202,26.0,0.0,-0.3336856715246667,0.555185233493742,False,False,True,False,False,True,False,False,False,True,False,False,False,False,False,False,True,False
1,3,0.14195547925143,1,1,-0.2517577203973534,1,3,0,-0.4342267004860459,61.574999999999996,0.0,0.1143024238920972,0.32017050823302495,False,False,True,False,False,True,False,False,False,False,False,False,False,False,True,False,True,False
1,1,-0.9861222576157678,0,1,0.6295122858931569,0,2,0,0.3464304583351442,57.9792,0.0,1.1640533508450142,-0.7037312515203413,False,False,False,True,False,False,False,True,False,False,False,False,False,False,False,True,False,False
1,3,-0.5724937540977952,2,0,-0.1876404580571715,1,3,0,-0.4022103083202193,69.75,0.0,0.2384449893574562,-0.2499898451208754,False,True,False,True,False,False,False,False,False,False,False,False,False,False,True,False,True,False
0,1,1.2324306248897212,0,0,-0.0641117874935183,0,1,1,0.32917332922939524,28.5,45.5,0.4425418965661728,0.9251274134799828,True,False,True,False,True,False,False,False,True,False,False,False,False,False,False,False,True,False
0,1,0.6683917564561223,0,1,2.876164687803722,0,2,0,2.0291996939795083,153.4625,38.0,2.166727286401155,0.640402765438825,True,False,True,False,True,False,False,False,True,False,False,False,False,False,False,False,True,False
0,3,-0.9861222576157678,2,0,-0.3111691286208247,1,3,0,-0.46389326570392175,54.0,16.0,-0.015645713214721132,-0.7037312515203413,True,False,True,False,True,False,False,False,False,False,False,False,False,False,True,True,False,False
1,1,0.4427762090826827,1,0,2.4099910143670784,1,2,0,1.6800300959324785,133.65,0.0,2.023764703288022,0.5108328898518398,False,False,True,False,False,True,False,False,False,False,False,False,False,False,True,False,True,False
0,3,-0.3092756154954491,0,0,-0.5489135844511608,1,1,1,-0.3970712367850514,23.6874,25.0,-0.8059607675574288,-0.01594763973128568,True,False,True,False,True,False,False,False,False,False,False,False,False,False,True,False,True,False
0,1,-0.008454885664196365,1,0,0.8323534217398503,0,2,0,0.4983608694818361,66.6,29.0,1.3061313407644444,0.21569817843042113,True,False,True,False,True,False,False,False,True,False,False,False,False,False,False,False,True,False
1,1,0.8940073038295618,0,0,2.4299908943630983,0,1,1,4.0653981764708,134.5,0.0,2.030318366716059,0.7603657328477373,False,False,False,True,False,False,False,False,False,False,True,False,False,False,False,False,True,False
1,3,1.1948280336608146,0,0,-0.5452853709271769,1,1,1,-0.39163608705444175,24.150000000000002,45.0,-0.7880629125377953,0.9076271427455422,True,False,True,False,True,False,False,False,False,False,False,False,False,False,True,False,True,False
0,1,1.1948280336608146,0,0,0.10059310659135261,0,1,1,0.575905158764205,35.5,45.0,0.6642896775014523,0.9076271427455422,True,False,True,False,True,False,False,False,False,False,False,False,False,True,False,False,True,False
1,2,-2.038994812025152,1,1,-0.12293496395240078,0,3,0,-0.369900187785899,52.0,0.0,0.3503178914890206,-3.5116328014824925,True,False,True,False,False,False,False,False,False,False,False,True,False,False,False,False,False,False
1,1,-0.3844807979532623,3,2,5.124238728242953,0,6,0,0.787426123888799,249.00622000000035,0.0,2.668221715908568,-0.07943653299099825,False,False,True,True,False,False,False,False,True,False,False,False,False,False,False,False,True,False
0,2,-0.08366006812200955,0,0,-0.4288154815385896,1,1,1,-0.21716143616911202,26.0,28.0,-0.3336856715246667,0.16081972715738832,True,False,True,False,True,False,False,False,False,False,False,False,False,False,True,False,True,False
0,2,-0.3092756154954491,0,0,-0.4288154815385896,1,1,1,-0.21716143616911202,26.0,25.0,-0.3336856715246667,-0.01594763973128568,True,False,True,False,True,False,False,False,False,False,False,False,False,False,True,False,True,False
0,2,0.5179813915404959,0,0,-0.4288154815385896,1,1,1,-0.21716143616911202,26.0,36.0,-0.3336856715246667,0.555185233493742,True,False,True,False,True,False,False,False,False,False,False,False,False,False,True,False,True,False
1,2,-0.3844807979532623,0,0,-0.4288154815385896,0,1,1,-0.21716143616911202,26.0,0.0,-0.3336856715246667,-0.07943653299099825,False,False,True,True,False,False,False,False,False,False,False,True,False,False,False,False,True,False
1,2,0.8188021213717487,0,0,-0.4288154815385896,1,1,1,-0.21716143616911202,26.0,0.0,-0.3336856715246667,0.7213575976808891,False,False,True,True,False,False,False,False,False,False,False,False,False,False,True,False,True,False
1,3,-0.5724937540977952,1,0,-0.3558747427295753,1,2,0,-0.39163608705444175,48.300000000000004,0.0,-0.12537350483735854,-0.2499898451208754,False,False,True,False,False,True,False,False,False,False,False,False,False,False,True,False,True,False
1,3,-1.9637896295673392,1,1,-0.36058059684628596,1,3,0,-0.48856644865740273,47.7,0.0,-0.13762600832273136,-3.0459447779311963,True,False,True,False,False,False,False,False,False,False,False,False,False,False,True,False,False,False
0,3,0.969212486287375,0,0,-0.5308736926947507,1,1,1,-0.3700470519701459,25.987499999999997,42.0,-0.7198607416515719,0.7984559438182829,True,False,True,False,True,False,False,False,False,False,False,False,False,False,True,False,True,False
0,3,-0.45968598041107545,0,0,-0.5176384779915022,1,1,1,-0.350220387096813,27.674999999999997,23.0,-0.6609320319930775,-0.14551751531827087,True,False,True,False,True,False,False,False,False,False,False,False,False,False,True,False,True,False
0,1,0.8188021213717487,0,0,0.08882847129957612,0,1,1,0.5582814566545757,35.0,40.0,0.6499246113543176,0.7213575976808891,True,False,True,False,True,False,False,False,True,False,False,False,False,False,False,False,True,False
0,3,-1.061327440073581,1,1,-0.5645981962221572,1,3,0,-0.5904408461588517,21.6876,15.0,-0.8870798384162878,-0.8018679204883823,True,False,False,False,True,False,False,False,False,False,False,False,False,False,True,True,False,False
0,3,-0.3092756154954491,1,0,-0.3158749827375353,1,2,0,-0.361675793468072,53.400000000000006,25.0,-0.026666459272192397,-0.01594763973128568,True,False,True,False,True,False,False,False,False,False,False,False,False,False,True,False,True,False
0,3,-0.3092756154954491,0,0,-0.5646970191586081,1,1,1,-0.42071519553533004,21.674999999999997,25.0,-0.8876115073381831,-0.01594763973128568,True,False,False,False,True,False,False,False,False,False,False,False,False,False,True,False,True,False
0,3,-0.08366006812200955,0,0,-0.5111679285810251,1,1,1,-0.34052735093651687,28.5,28.0,-0.6332923913899642,0.16081972715738832,True,False,True,False,True,False,False,False,False,False,False,False,False,False,True,False,True,False
1,1,-0.5348911628688886,0,1,0.5594138829706359,0,2,0,0.2939259250101367,55.0,0.0,1.1100716775625095,-0.21441128597586506,False,False,True,True,False,False,False,False,False,False,True,False,False,False,False,False,True,False
0,2,0.6683917564561223,0,0,-0.4288154815385896,1,1,1,-0.21716143616911202,26.0,0.0,-0.3336856715246667,0.640402765438825,False,False,True,True,False,False,False,False,False,False,False,False,False,False,True,False,True,False
1,3,-0.5724937540977952,0,0,-0.5493041703428477,1,1,1,-0.3976563436950911,23.6376,0.0,-0.8079059814014272,-0.2499898451208754,False,True,False,True,False,False,False,False,False,False,False,False,False,False,True,False,True,False
1,3,-0.5724937540977952,0,0,-0.5493041703428477,1,1,1,-0.3976563436950911,23.6376,0.0,-0.8079059814014272,-0.2499898451208754,False,True,False,True,False,False,False,False,False,False,False,False,False,False,True,False,True,False
0,3,0.8188021213717487,1,4,-0.07822934984365013,1,6,0,-0.5114772613999208,83.69999999999999,40.0,0.4211414699329149,0.7213575976808891,True,False,True,False,True,False,False,False,False,False,False,False,False,False,True,False,True,False
0,2,-0.008454885664196365,1,0,-0.08244579513222278,1,2,0,-0.18683456957886196,55.4416,29.0,0.4146636500426548,0.21569817843042113,True,False,False,False,True,False,False,False,False,False,False,False,False,False,True,False,True,False
0,3,1.1948280336608146,0,1,-0.3945992162559869,1,2,0,-0.4206411759864696,43.3626,0.0,-0.2307658793066255,0.9076271427455422,False,False,False,False,False,True,False,False,False,False,False,False,False,False,True,False,True,False
0,3,0.4427762090826827,0,0,-0.5688146415107299,1,1,1,-0.4268834912737003,21.15,35.0,-0.9100091616240019,0.5108328898518398,True,False,True,False,True,False,False,False,False,False,False,False,False,False,True,False,True,False
0,3,-0.3092756154954491,1,0,-0.36999230507970715,1,2,0,-0.4022103083202193,46.5,25.0,-0.1625721299622539,-0.01594763973128568,True,True,False,False,True,False,False,False,False,False,False,False,False,False,True,False,True,False
0,3,0.06675029679361683,0,0,-0.5641087873940193,1,1,1,-0.4198340104298486,21.75,30.0,-0.884450804505842,0.26877700830987145,True,False,True,False,True,False,False,False,False,False,False,False,False,False,True,False,True,False
1,1,2.3229057705280125,1,0,1.0358816122875838,0,2,0,0.6508058927301293,75.25,0.0,1.43153183856508,1.364493568024432,False,False,False,False,False,True,False,False,False,True,False,False,False,False,False,False,False,True
1,3,-0.5724937540977952,0,0,-0.5645981962221572,1,1,1,-0.4205671564376092,21.6876,0.0,-0.8870798384162878,-0.2499898451208754,False,False,False,False,False,True,False,False,False,False,False,False,False,False,True,False,True,False
1,3,-0.5724937540977952,0,0,-0.5523441521022427,1,1,1,-0.4022103083202193,23.25,0.0,-0.8231713196326232,-0.2499898451208754,False,True,False,True,False,False,False,False,False,False,False,False,False,False,True,False,True,False
1,1,-0.3844807979532623,0,0,0.8958824523154435,0,1,1,1.7672674213751434,69.3,0.0,1.3469185273957431,-0.07943653299099825,False,False,False,False,False,True,False,True,False,False,False,False,False,False,False,False,True,False
1,1,-0.3092756154954491,1,0,0.5698067617873912,0,2,0,0.30171031423195993,55.4417,25.0,1.1182538942566587,-0.01594763973128568,True,False,False,False,True,False,False,False,False,False,True,False,False,False,False,False,True,False
0,3,-0.8357118927001413,1,0,-0.581854563268135,1,2,0,-0.5608976468557432,19.4874,18.0,-0.9842950417749682,-0.5236837228673362,True,False,True,False,True,False,False,False,False,False,False,False,False,False,True,True,False,False
0,3,-0.7605067102423282,0,0,-0.5452853709271769,1,1,1,-0.39163608705444175,24.150000000000002,19.0,-0.7880629125377953,-0.4406522267396903,True,False,True,False,True,False,False,False,False,False,False,False,False,False,True,True,False,False
0,1,-0.5348911628688886,0,0,2.456656616715439,1,1,1,4.105344059672485,135.6333,22.0,2.038992667117087,-0.21441128597586506,True,False,False,False,True,False,False,False,False,False,False,False,False,False,True,False,True,False
0,3,-1.9637896295673392,3,1,-0.23881662157639924,1,5,0,-0.5268098822352982,63.224999999999994,0.0,0.14057895220285974,-3.0459447779311963,False,False,True,True,False,False,False,False,False,False,False,False,False,False,True,False,False,False
1,1,0.4427762090826827,1,0,1.1987229881422372,1,2,0,0.7727760102904516,82.1708,0.0,1.5220119466544697,0.5108328898518398,False,False,False,False,False,True,False,False,False,False,False,False,False,False,True,False,True,False
1,3,-0.5348911628688886,0,0,-0.5641087873940193,1,1,1,-0.4198340104298486,21.75,0.0,-0.884450804505842,-0.21441128597586506,False,False,True,True,False,False,False,False,False,False,False,False,False,False,True,False,True,False
0,1,-0.15886525057982273,0,2,4.241744729296679,0,3,0,1.8095643064382536,211.5,27.0,2.4989403384133744,0.10401532767762588,True,False,False,False,True,False,False,False,True,False,False,False,False,False,False,False,True,False
0,3,-0.685301527784515,0,0,-0.6402848009082721,1,1,1,-0.5339474815896981,12.037500000000001,20.0,-1.4033832428137165,-0.36167269587366996,True,False,False,False,True,False,False,False,False,False,False,False,False,False,True,False,True,False
0,3,-0.7605067102423282,0,0,-0.551755920337654,1,1,1,-0.40132912321473785,23.325000000000003,19.0,-0.8201999887044109,-0.4406522267396903,True,False,True,False,True,False,False,False,False,False,False,False,False,False,True,True,False,False
1,1,0.969212486287375,0,0,4.618801290398115,1,1,1,7.344287953967325,227.525,0.0,2.5746575858437715,0.7984559438182829,False,False,False,True,False,False,False,False,False,False,False,False,False,False,True,False,True,False
1,3,-2.1141999944829655,0,2,-0.36430528037966237,1,3,0,-0.4904263366867056,47.2251,0.0,-0.14742711087486282,-4.167983206652603,False,False,False,True,False,False,False,False,False,False,False,False,False,False,True,False,False,False
0,3,0.2171606617092432,0,0,-0.548226529750121,1,1,1,-0.39604201258184907,23.775,32.0,-0.8025478579119842,0.36998241616245464,True,False,True,False,True,False,False,False,False,False,False,False,False,False,True,False,True,False
1,1,0.4427762090826827,1,0,0.4888260712199769,1,2,0,0.24105481868124892,52.0,0.0,1.0527296294545725,0.5108328898518398,False,False,True,False,False,True,False,False,False,False,False,False,False,False,True,False,True,False
0,3,-0.3092756154954491,0,0,-0.5489135844511608,1,1,1,-0.3970712367850514,23.6874,25.0,-0.8059607675574288,-0.01594763973128568,True,False,True,False,True,False,False,False,False,False,False,False,False,False,True,False,True,False
0,2,-0.8357118927001413,0,0,0.994705388766366,1,1,1,1.9153065190960292,147.0,18.0,1.4073511321378163,-0.5236837228673362,True,False,True,False,True,False,False,False,False,False,False,False,False,False,True,True,False,False
0,3,-2.1141999944829655,5,2,0.36882679124385664,1,8,0,-0.4687397837840698,140.7,0.0,0.947359378849738,-4.167983206652603,True,False,True,False,False,False,False,False,False,False,False,False,False,False,True,False,False,False
1,2,0.5179813915404959,0,0,-0.4288154815385896,1,1,1,-0.21716143616911202,26.0,0.0,-0.3336856715246667,0.555185233493742,False,False,True,True,False,False,False,False,False,False,False,False,False,False,True,False,True,False
0,3,-0.3092756154954491,0,0,-0.5528335609303807,1,1,1,-0.40294345432797996,23.1876,25.0,-0.8256499441154252,-0.01594763973128568,True,True,False,False,True,False,False,False,False,False,False,False,False,False,True,False,True,False
1,2,-0.9109170751579546,0,0,-0.4523447521221426,1,1,1,-0.2524088403883706,24.0,0.0,-0.41086547721647604,-0.6112055388695674,False,False,False,True,False,False,False,False,False,False,False,False,False,False,True,True,False,False
1,1,0.5179813915404959,1,2,2.08881647090158,0,4,0,0.38204443555828305,120.0,36.0,1.912445826895527,0.555185233493742,True,False,True,False,True,False,False,True,False,False,False,False,False,False,False,False,True,False
1,3,-0.6100963453267019,0,0,-0.5512665115095161,1,1,1,-0.4005959772069773,23.3874,21.0,-0.8177342857855271,-0.28636798900765603,True,False,True,False,True,False,False,False,False,False,False,False,False,False,True,False,True,False
0,3,-0.08366006812200955,2,0,-0.548226529750121,1,3,0,-0.5822657982069317,23.775,28.0,-0.8025478579119842,0.16081972715738832,True,False,True,False,True,False,False,False,False,False,False,False,False,False,True,False,True,False
1,1,-0.45968598041107545,1,0,1.9305821262271863,0,2,0,1.3209471654487823,113.275,0.0,1.8528928368906141,-0.14551751531827087,False,False,False,True,False,False,False,False,False,True,False,False,False,False,False,False,True,False
1,3,-0.3844807979532623,0,2,-0.3417571803794436,0,3,0,-0.47916714086560047,50.099999999999994,0.0,-0.08945784973475612,-0.07943653299099825,False,False,True,False,False,True,False,False,False,False,False,False,True,False,False,False,True,False
0,3,-0.5348911628688886,0,0,-0.5512665115095161,1,1,1,-0.4005959772069773,23.3874,22.0,-0.8177342857855271,-0.21441128597586506,True,False,True,False,True,False,False,False,False,False,False,False,False,False,True,False,True,False
0,3,0.14195547925143,0,0,-0.5498924021074366,1,1,1,-0.39853752880057264,23.5626,0.0,-0.8108423936907564,0.32017050823302495,False,False,True,True,False,False,False,False,False,False,False,False,False,False,True,False,True,False
0,2,1.2700332161186279,0,0,-0.12293496395240078,1,1,1,0.24105481868124892,52.0,46.0,0.3503178914890206,0.9424405119558105,True,False,True,False,True,False,False,False,False,False,False,False,False,False,True,False,True,False
0,2,-0.45968598041107545,0,0,-0.4876386579974721,1,1,1,-0.30527994671725833,21.0,0.0,-0.5385497616659674,-0.14551751531827087,True,False,True,False,False,False,True,False,False,False,False,False,False,False,True,False,True,False
1,2,-0.08366006812200955,0,0,-0.4370507262428331,1,1,1,-0.2294980276458525,25.3,0.0,-0.3600529224962195,0.16081972715738832,False,False,True,False,False,True,False,False,False,False,False,False,False,False,True,False,True,False
1,3,0.7435969389139355,0,0,-0.548226529750121,1,1,1,-0.39604201258184907,23.775,39.0,-0.8025478579119842,0.681386201981717,True,False,True,False,True,False,False,False,False,False,False,False,False,False,True,False,True,False
0,3,-0.23407043303763592,0,0,-0.5452853709271769,1,1,1,-0.39163608705444175,24.150000000000002,26.0,-0.7880629125377953,0.045144866300543984,True,False,True,False,True,False,False,False,False,False,False,False,False,False,True,False,True,False
0,3,-0.6100963453267019,1,0,-0.5035209156413704,1,2,0,-0.5022248177923654,29.474999999999998,0.0,-0.6015458297263772,-0.28636798900765603,False,False,True,True,False,False,False,False,False,False,False,False,False,False,True,False,True,False
0,3,-0.08366006812200955,1,0,-0.3617570603754636,1,2,0,-0.39604201258184907,47.55,28.0,-0.14071179068068584,0.16081972715738832,True,False,True,False,True,False,False,False,False,False,False,False,False,False,True,False,True,False
0,3,-0.685301527784515,0,0,-0.5308736926947507,1,1,1,-0.3700470519701459,25.987499999999997,0.0,-0.7198607416515719,-0.36167269587366996,False,False,True,True,False,False,False,False,False,False,False,False,False,False,True,False,True,False
0,2,0.36757102662486957,1,0,-0.2405813168701657,1,2,0,-0.30527994671725833,42.0,34.0,0.13703458990304354,0.4652310214263179,True,False,True,False,True,False,False,False,False,False,False,False,False,False,True,False,True,False
0,3,1.6460591284076938,0,0,-0.5523441521022427,1,1,1,-0.4022103083202193,23.25,51.0,-0.8231713196326232,1.1060907889901215,True,False,True,False,True,False,False,False,False,False,False,False,False,False,True,False,True,False
1,2,-1.9637896295673392,1,1,-0.2935221756831599,1,3,0,-0.4550814146491071,37.5,0.0,0.024673545843682348,-3.0459447779311963,True,False,True,False,False,False,False,False,False,False,False,False,False,False,True,False,False,False
0,3,-0.6100963453267019,0,0,-0.551755920337654,1,1,1,-0.40132912321473785,23.325000000000003,21.0,-0.8201999887044109,-0.28636798900765603,True,False,True,False,True,False,False,False,False,False,False,False,False,False,True,False,True,False
0,3,-0.5724937540977952,3,1,-0.1354831239546096,1,5,0,-0.49585067721335474,76.4001,0.0,0.3295414409834525,-0.2499898451208754,False,False,True,True,False,False,False,False,False,False,False,False,False,False,True,False,True,False
0,3,-0.3092756154954491,0,0,-0.5489135844511608,1,1,1,-0.3970712367850514,23.6874,25.0,-0.8059607675574288,-0.01594763973128568,True,False,True,False,True,False,False,False,False,False,False,False,False,False,True,False,True,False
0,3,-0.3092756154954491,0,0,-0.573325202681597,1,1,1,-0.43364041866253217,20.5749,25.0,-0.9351099932218725,-0.01594763973128568,True,True,False,False,True,False,False,False,False,False,False,False,False,False,True,False,True,False
1,1,0.29236584416705635,1,0,1.3829383533949904,0,2,0,0.910755498847161,90.0,0.0,1.6157041728918846,0.4183071772010659,False,True,False,True,False,False,False,False,True,False,False,False,False,False,False,False,True,False
0,2,0.06675029679361683,0,0,-0.7346959991247785,1,1,1,-0.675377691019473,0.0,30.0,-3.082133996176616,0.26877700830987145,True,False,True,False,True,False,False,False,False,False,False,False,False,False,True,False,True,False
1,3,1.1196228512030013,0,0,-0.548226529750121,1,1,1,-0.39604201258184907,23.775,44.0,-0.8025478579119842,0.8720485836005318,True,False,True,False,True,False,False,False,False,False,False,False,False,False,True,False,True,False
0,3,-0.5724937540977952,0,0,-0.5452853709271769,1,1,1,-0.39163608705444175,24.150000000000002,0.0,-0.7880629125377953,-0.2499898451208754,False,False,True,False,False,True,False,False,False,False,False,False,False,False,True,False,True,False
1,2,0.36757102662486957,1,1,0.03000529484069365,1,3,0,-0.29353081197750547,65.0,0.0,0.5749677537506395,0.4652310214263179,False,False,True,False,False,True,False,False,False,False,False,False,False,False,True,False,True,False
1,2,-0.8357118927001413,0,2,-0.4288154815385896,1,3,0,-0.522638939402686,26.0,0.0,-0.3336856715246667,-0.5236837228673362,False,False,True,True,False,False,False,False,False,False,False,False,False,False,True,True,False,False
0,2,0.06675029679361683,0,0,-0.4288154815385896,1,1,1,-0.21716143616911202,26.0,30.0,-0.3336856715246667,0.26877700830987145,True,False,True,False,True,False,False,False,False,False,False,False,False,False,True,False,True,False
0,3,-1.437353352362647,0,2,-0.16646411453197382,1,3,0,-0.3916360870544418,72.44999999999999,0.0,0.27639678810685203,-1.4084064177290634,False,False,True,True,False,False,False,False,False,False,False,False,False,False,True,False,False,False
0,3,-0.3092756154954491,0,0,-0.5489135844511608,1,1,1,-0.3970712367850514,23.6874,25.0,-0.8059607675574288,-0.01594763973128568,True,False,False,False,True,False,False,False,False,False,False,False,False,False,True,False,True,False
0,3,-0.6100963453267019,0,0,-0.5527370909209881,1,1,1,-0.40279893997068095,23.1999,21.0,-0.8251609020776415,-0.28636798900765603,True,True,False,False,True,False,False,False,False,False,False,False,False,False,True,False,True,False
0,3,-0.008454885664196365,0,0,-0.5494029932792986,1,1,1,-0.397804382792812,23.625,29.0,-0.8083987204010921,0.21569817843042113,True,False,True,False,True,False,False,False,False,False,False,False,False,False,True,False,True,False
0,3,-0.08366006812200955,1,1,-0.3958745027216154,1,3,0,-0.506190150767032,43.2,0.0,-0.23442481005499102,0.16081972715738832,False,False,True,False,False,True,False,False,False,False,False,False,False,False,True,False,True,False
0,3,-0.8357118927001413,1,1,-0.2591106174547137,1,3,0,-0.43789830509221855,60.637499999999996,18.0,0.09907181047596665,-0.5236837228673362,True,False,True,False,True,False,False,False,False,False,False,False,False,False,True,True,False,False
0,3,-0.3092756154954491,0,0,-0.5641087873940193,1,1,1,-0.4198340104298486,21.75,25.0,-0.884450804505842,-0.01594763973128568,True,False,True,False,True,False,False,False,False,False,False,False,False,False,True,False,True,False
1,2,-0.08366006812200955,1,0,-0.12293496395240078,1,2,0,-0.21716143616911202,52.0,0.0,0.3503178914890206,0.16081972715738832,False,False,True,False,False,True,False,False,False,False,False,False,False,False,True,False,True,False
1,2,-0.7605067102423282,0,0,-0.12293496395240078,1,1,1,0.24105481868124892,52.0,0.0,0.3503178914890206,-0.4406522267396903,False,False,True,True,False,False,False,False,False,False,False,False,False,False,True,True,False,False
0,3,-0.3092756154954491,0,0,-0.5523441521022427,1,1,1,-0.4022103083202193,23.25,25.0,-0.8231713196326232,-0.01594763973128568,True,True,False,False,True,False,False,False,False,False,False,False,False,False,True,False,True,False
1,3,0.2171606617092432,0,0,-0.5452853709271769,0,1,1,-0.39163608705444175,24.150000000000002,32.0,-0.7880629125377953,0.36998241616245464,True,False,True,False,True,False,False,False,False,False,True,False,False,False,False,False,True,False
1,1,-0.08366006812200955,0,0,-0.10999386513144661,0,1,1,0.26044089100184115,26.55,28.0,0.37131944389592797,0.16081972715738832,True,False,True,False,True,False,False,False,True,False,False,False,False,False,False,False,True,False
1,3,-0.5724937540977952,1,0,-0.3558747427295753,1,2,0,-0.39163608705444175,48.300000000000004,0.0,-0.12537350483735854,-0.2499898451208754,False,False,True,False,False,True,False,False,False,False,False,False,False,False,True,False,True,False
1,2,0.969212486287375,1,0,-0.12293496395240078,1,2,0,-0.21716143616911202,52.0,0.0,0.3503178914890206,0.7984559438182829,False,False,True,False,False,True,False,False,False,False,False,False,False,False,True,False,True,False
0,3,-0.9109170751579546,0,0,-0.5670499462169634,1,1,1,-0.4242399359572559,21.375,17.0,-0.9003511253244326,-0.6112055388695674,True,False,True,False,True,False,False,False,False,False,False,False,False,False,True,True,False,False
0,1,1.5708539459498805,1,0,0.5805902264958336,0,2,0,0.30978725690880304,55.9,50.0,1.1266762047666348,1.0746575823711766,True,False,True,False,True,False,False,False,False,False,True,False,False,False,False,False,True,False
1,1,-1.136532622531394,1,2,2.08881647090158,0,4,0,0.38204443555828305,120.0,0.0,1.912445826895527,-0.9063402502909861,False,False,True,True,False,False,False,True,False,False,False,False,False,False,False,True,False,False
0,3,-0.6100963453267019,2,2,0.0741226771848555,1,5,0,-0.43305178701207053,103.125,0.0,0.6316850771386074,-0.28636798900765603,False,False,True,True,False,False,False,False,False,False,False,False,False,False,True,False,True,False
1,2,-0.3844807979532623,2,3,-0.2935221756831599,1,6,0,-0.56522955283429,37.5,0.0,0.024673545843682348,-0.07943653299099825,False,False,True,False,False,True,False,False,False,False,False,False,False,False,True,False,True,False
0,1,2.623726500359265,1,4,5.124238728242953,0,6,0,0.787426123888799,249.00622000000035,64.0,2.668221715908568,1.467306482738813,True,False,True,False,True,False,False,False,True,False,False,False,False,False,False,False,False,True
0,2,0.14195547925143,0,0,-0.4876386579974721,1,1,1,-0.30527994671725833,21.0,31.0,-0.5385497616659674,0.32017050823302495,True,False,True,False,True,False,False,False,False,False,False,False,False,False,True,False,True,False
1,2,1.1948280336608146,1,1,-0.11705264630651252,1,3,0,-0.3669629041009608,52.5,0.0,0.3599165841728647,0.9076271427455422,False,False,True,False,False,True,False,False,False,False,False,False,False,False,True,False,True,False
0,3,-0.685301527784515,0,0,-0.5111679285810251,1,1,1,-0.34052735093651687,28.5,20.0,-0.6332923913899642,-0.36167269587366996,True,False,True,False,True,False,False,False,False,False,False,False,False,False,True,False,True,False
0,3,-0.3092756154954491,1,0,-0.551755920337654,1,2,0,-0.5383534071171054,23.325000000000003,25.0,-0.8201999887044109,-0.01594763973128568,True,False,True,False,True,False,False,False,False,False,False,False,False,False,True,False,True,False
1,2,-0.08366006812200955,0,0,-0.4288154815385896,1,1,1,-0.21716143616911202,26.0,0.0,-0.3336856715246667,0.16081972715738832,False,False,True,True,False,False,False,False,False,False,False,False,False,False,True,False,True,False
1,3,-0.3092756154954491,0,0,-0.5438147915157048,1,1,1,-0.38943312429073806,24.337500000000002,25.0,-0.7808952945425023,-0.01594763973128568,True,False,True,False,True,False,False,False,False,False,False,False,False,False,True,False,True,False
1,1,-1.8885844471095259,0,2,1.191370091084877,0,3,0,0.28638650524763737,81.8583,0.0,1.5180915043429581,-2.6847290841825044,True,False,True,False,False,False,False,False,False,False,False,False,False,False,False,False,False,False
1,2,-1.2117378049892074,0,1,-0.2758752227454952,1,2,0,-0.33171549988170224,39.0,0.0,0.06348986917184116,-1.0180231010437806,False,False,True,True,False,False,False,False,False,False,False,False,False,False,True,True,False,False
1,1,0.36757102662486957,0,0,-0.10999386513144661,1,1,1,0.26044089100184115,26.55,34.0,0.37131944389592797,0.4652310214263179,True,False,True,False,True,False,False,False,False,False,False,False,False,False,True,False,True,False
1,3,-1.8133792646517128,2,1,-0.28156224744554,1,4,0,-0.5056764198505364,57.774899999999995,0.0,0.05113795041361231,-2.3895943727610853,False,False,False,True,False,False,False,False,False,False,False,False,False,False,True,False,False,False
1,1,1.7212643108655068,0,0,-0.017053246326412325,0,1,1,0.3996681376679123,30.5,0.0,0.5108582378319145,1.1369252313052896,True,False,True,False,False,False,True,False,True,False,False,False,False,False,False,False,True,False
0,2,0.5179813915404959,1,2,-0.08175874043118304,1,4,0,-0.4308488242483669,55.5,36.0,0.4157219393132522,0.555185233493742,True,False,True,False,True,False,False,False,False,False,False,False,False,False,True,False,True,False
0,3,-0.3092756154954491,1,0,-0.26489411216415104,1,2,0,-0.3234905181071383,59.900099999999995,25.0,0.08693352902323323,-0.01594763973128568,True,False,True,False,True,False,False,False,False,False,False,False,False,False,True,False,True,False
0,1,0.06675029679361683,0,0,-0.08175874043118304,0,1,1,0.30273777606495134,27.75,30.0,0.4157219393132522,0.26877700830987145,True,False,False,False,True,False,False,False,True,False,False,False,False,False,False,False,True,False
1,1,1.4956487634920672,1,0,1.3618608328062438,0,2,0,0.8949681864973552,89.1042,49.0,1.6054013834400314,1.042601895730409,True,False,False,False,True,False,False,False,True,False,False,False,False,False,False,False,True,False
0,3,-0.3092756154954491,0,0,-0.5452853709271769,1,1,1,-0.39163608705444175,24.150000000000002,25.0,-0.7880629125377953,-0.01594763973128568,True,False,True,False,True,False,False,False,False,False,False,False,False,False,True,False,True,False
1,3,-0.008454885664196365,0,0,-0.5489135844511608,1,1,1,-0.3970712367850514,23.6874,29.0,-0.8059607675574288,0.21569817843042113,True,False,False,False,True,False,False,False,False,False,False,False,False,False,True,False,True,False
0,1,2.6989316828170784,0,0,-0.10999386513144661,0,1,1,0.26044089100184115,26.55,65.0,0.37131944389592797,1.4920208448838612,True,False,True,False,True,False,False,False,False,False,True,False,False,False,False,False,False,True
1,1,0.4427762090826827,1,0,0.4855907965147383,0,2,0,0.23863155964117483,51.8625,0.0,1.0500242415540113,0.5108328898518398,False,False,True,False,False,True,False,False,False,True,False,False,False,False,False,False,True,False
1,2,1.5708539459498805,0,0,-0.4876386579974721,1,1,1,-0.30527994671725833,21.0,0.0,-0.5385497616659674,1.0746575823711766,False,False,True,True,False,False,False,False,False,False,False,False,False,False,True,False,True,False
0,3,-0.3092756154954491,0,0,-0.5523441521022427,1,1,1,-0.4022103083202193,23.25,25.0,-0.8231713196326232,-0.01594763973128568,True,True,False,False,True,False,False,False,False,False,False,False,False,False,True,False,True,False
1,1,1.4204435810342542,0,0,-0.10999386513144661,0,1,1,0.26044089100184115,26.55,48.0,0.37131944389592797,1.009898575843634,True,False,True,False,True,False,False,False,False,False,True,False,False,False,False,False,True,False
0,3,0.36757102662486957,0,0,-0.5452853709271769,1,1,1,-0.39163608705444175,24.150000000000002,34.0,-0.7880629125377953,0.4652310214263179,True,False,True,False,True,False,False,False,False,False,False,False,False,False,True,False,True,False
0,1,1.345238398576441,0,0,0.17118091834201157,0,1,1,0.6816473714219806,38.5,47.0,0.7465522203872704,0.9765209134031356,True,False,True,False,True,False,False,False,False,False,True,False,False,False,False,False,True,False
0,2,1.4204435810342542,0,0,-0.4288154815385896,1,1,1,-0.21716143616911202,26.0,48.0,-0.3336856715246667,1.009898575843634,True,False,True,False,True,False,False,False,False,False,False,False,False,False,True,False,True,False
0,3,-0.3092756154954491,0,0,-0.5452853709271769,1,1,1,-0.39163608705444175,24.150000000000002,25.0,-0.7880629125377953,-0.01594763973128568,True,False,True,False,True,False,False,False,False,False,False,False,False,False,True,False,True,False
0,3,0.6683917564561223,0,0,-0.5688146415107299,1,1,1,-0.4268834912737003,21.15,38.0,-0.9100091616240019,0.640402765438825,True,False,True,False,True,False,False,False,False,False,False,False,False,False,True,False,True,False
0,2,0.06675029679361683,0,0,-0.7346959991247785,1,1,1,-0.675377691019473,0.0,30.0,-3.082133996176616,0.26877700830987145,True,False,True,False,True,False,False,False,False,False,False,False,False,False,True,False,True,False
0,1,2.0220850406967594,0,0,-0.10999386513144661,1,1,1,0.26044089100184115,26.55,56.0,0.37131944389592797,1.2547051110241825,True,False,True,False,True,False,False,False,False,False,False,False,False,False,True,False,True,False
0,3,-0.3092756154954491,0,0,-0.5529323838668316,1,1,1,-0.4030914934257008,23.174999999999997,25.0,-0.8261511522345888,-0.01594763973128568,True,True,False,False,True,False,False,False,False,False,False,False,False,False,True,False,True,False
1,3,-2.1330012900974187,2,1,-0.28156224744554,1,4,0,-0.5056764198505364,57.774899999999995,0.0,0.05113795041361231,-4.384138387208003,False,False,False,True,False,False,False,False,False,False,False,False,False,False,True,False,False,False
0,3,-0.3092756154954491,0,0,-0.5641087873940193,1,1,1,-0.4198340104298486,21.75,25.0,-0.884450804505842,-0.01594763973128568,True,False,True,False,True,False,False,False,False,False,False,False,False,False,True,False,True,False
0,3,0.6683917564561223,0,0,-0.5308736926947507,1,1,1,-0.3700470519701459,25.987499999999997,38.0,-0.7198607416515719,0.640402765438825,True,False,True,False,True,False,False,False,False,False,False,False,False,False,True,False,True,False
1,2,0.29236584416705635,1,2,-0.08175874043118304,1,4,0,-0.4308488242483669,55.5,0.0,0.4157219393132522,0.4183071772010659,False,False,True,False,False,True,False,False,False,False,False,False,False,False,True,False,True,False
1,2,-0.45968598041107545,0,0,-0.41018735801759065,0,1,1,-0.189256066248725,27.5834,0.0,-0.2763966271714634,-0.14551751531827087,False,False,False,False,False,True,False,False,False,True,False,False,False,False,False,False,True,False
0,3,-0.5348911628688886,0,0,-0.5032267997590759,1,1,1,-0.32863135201251714,29.512500000000003,0.0,-0.6003439244759702,-0.21441128597586506,False,False,True,True,False,False,False,False,False,False,False,False,False,False,True,False,True,False
0,1,0.8188021213717487,0,0,0.4888260712199769,0,1,1,1.1574873283819709,52.0,40.0,1.0527296294545725,0.7213575976808891,True,False,True,False,True,False,False,False,False,False,False,False,False,False,False,False,True,False
0,2,0.36757102662486957,1,0,-0.2405813168701657,1,2,0,-0.30527994671725833,42.0,34.0,0.13703458990304354,0.4652310214263179,True,False,True,False,True,False,False,False,False,False,False,False,False,False,True,False,True,False
0,3,-0.008454885664196365,1,0,-0.5689134644471808,1,2,0,-0.5512046106954471,21.1374,29.0,-0.9105526690472554,0.21569817843042113,True,False,True,False,True,False,False,False,False,False,False,False,False,False,True,False,True,False
0,3,-0.5348911628688886,0,0,-0.5577370609199931,1,1,1,-0.41028901336727336,22.5624,22.0,-0.8508150343788017,-0.21441128597586506,True,False,True,False,True,False,False,False,False,False,False,False,False,False,True,False,True,False
1,3,-2.038994812025152,0,1,-0.44558008682937117,1,2,0,-0.4588264513474033,36.8625,0.0,-0.3880843805546274,-3.5116328014824925,False,False,True,True,False,False,False,False,False,False,False,False,False,False,True,False,False,False
0,3,-1.51255853482046,5,2,0.36882679124385664,1,8,0,-0.4687397837840698,140.7,0.0,0.947359378849738,-1.5626906554610969,True,False,True,False,False,False,False,False,False,False,False,False,False,False,True,False,False,False
0,2,0.06675029679361683,0,0,-0.7346959991247785,1,1,1,-0.675377691019473,0.0,30.0,-3.082133996176616,0.26877700830987145,True,False,True,False,True,False,False,False,False,False,False,False,False,False,True,False,True,False
0,3,1.5708539459498805,0,0,-0.5452853709271769,1,1,1,-0.39163608705444175,24.150000000000002,50.0,-0.7880629125377953,1.0746575823711766,True,False,True,False,True,False,False,False,False,False,False,False,False,False,True,False,True,False
1,3,2.548521317901452,0,0,-0.5091091174049641,1,1,1,-0.3374432030673318,28.762500000000003,0.0,-0.6246495966932719,1.4422089369544315,False,False,True,False,False,True,False,False,False,False,False,False,False,False,True,False,False,True
1,1,-0.3092756154954491,1,0,1.4083311422087608,0,2,0,0.929774998163873,91.0792,25.0,1.6279824295619338,-0.01594763973128568,True,False,False,False,True,False,False,True,False,False,False,False,False,False,False,False,True,False
0,3,-0.5724937540977952,3,1,-0.1354831239546096,1,5,0,-0.49585067721335474,76.4001,0.0,0.3295414409834525,-0.2499898451208754,False,False,True,True,False,False,False,False,False,False,False,False,False,False,True,False,True,False
1,1,0.4427762090826827,1,0,1.3829383533949904,0,2,0,0.910755498847161,90.0,0.0,1.6157041728918846,0.5108328898518398,False,False,True,False,False,True,False,False,True,False,False,False,False,False,False,False,True,False
0,1,2.172495405612386,0,0,-0.03587666279325473,0,1,1,0.3714702142925055,29.7,58.0,0.48406702968622406,1.3105299284608571,True,False,False,False,True,False,False,True,False,False,False,False,False,False,False,False,True,False
0,3,0.06675029679361683,0,0,-0.5452853709271769,1,1,1,-0.39163608705444175,24.150000000000002,30.0,-0.7880629125377953,0.26877700830987145,True,False,True,False,True,False,False,False,False,False,False,False,False,False,True,False,True,False
1,3,-1.51255853482046,1,1,-0.36058059684628596,1,3,0,-0.48856644865740273,47.7,0.0,-0.13762600832273136,-1.5626906554610969,True,False,True,False,False,False,False,False,False,False,False,False,False,False,True,False,False,False
0,3,-0.3092756154954491,1,0,-0.26489411216415104,1,2,0,-0.3234905181071383,59.900099999999995,25.0,0.08693352902323323,-0.01594763973128568,True,False,True,False,True,False,False,False,False,False,False,False,False,False,True,False,True,False
0,3,-0.6100963453267019,0,0,-0.5641087873940193,1,1,1,-0.4198340104298486,21.75,21.0,-0.884450804505842,-0.28636798900765603,True,False,True,False,True,False,False,False,False,False,False,False,False,False,True,False,True,False
0,1,1.9468798582389464,0,0,-0.017053246326412325,0,1,1,0.3996681376679123,30.5,55.0,0.5108582378319145,1.226053756399034,True,False,True,False,True,False,False,False,True,False,False,False,False,False,False,False,True,False
0,1,3.1501627775639576,0,0,0.4301017176975453,1,1,1,1.0695168569315452,49.5042,71.0,1.0024948213866767,1.632871318573247,True,False,False,False,True,False,False,False,False,False,False,False,False,False,True,False,False,True
0,3,-0.6100963453267019,0,0,-0.5452853709271769,1,1,1,-0.39163608705444175,24.150000000000002,21.0,-0.7880629125377953,-0.28636798900765603,True,False,True,False,True,False,False,False,False,False,False,False,False,False,True,False,True,False
0,3,-0.3092756154954491,0,0,-0.39450274624659437,1,1,1,-0.16576014659616733,43.3749,25.0,-0.23048961900810686,-0.01594763973128568,True,False,False,False,True,False,False,False,False,False,False,False,False,False,True,False,True,False
1,1,1.8716746757811333,1,0,1.106862362856988,0,2,0,0.703971314884248,78.2667,0.0,1.4719408586436735,1.1968861334624432,False,False,False,True,False,False,False,False,False,True,False,False,False,False,False,False,True,False
0,3,-0.3092756154954491,0,0,-0.3794040133131284,1,1,1,-0.1431418873086691,45.3,25.0,-0.18813048708041388,-0.01594763973128568,True,False,True,False,True,False,False,False,False,False,False,False,False,False,True,False,True,False
0,1,-0.3092756154954491,1,2,2.831164957812677,0,4,0,0.6600583363376848,151.55,0.0,2.153751916417376,-0.01594763973128568,False,False,True,False,False,True,False,False,True,False,False,False,False,False,False,False,True,False
0,3,-0.3844807979532623,0,0,-0.5512665115095161,1,1,1,-0.4005959772069773,23.3874,24.0,-0.8177342857855271,-0.07943653299099825,True,False,True,False,True,False,False,False,False,False,False,False,False,False,True,False,True,False
0,3,-0.9109170751579546,0,0,-0.5308736926947507,1,1,1,-0.3700470519701459,25.987499999999997,17.0,-0.7198607416515719,-0.6112055388695674,True,False,True,False,True,False,False,False,False,False,False,False,False,False,True,True,False,False
0,3,-0.6100963453267019,0,0,-0.5523441521022427,1,1,1,-0.4022103083202193,23.25,0.0,-0.8231713196326232,-0.28636798900765603,False,True,False,True,False,False,False,False,False,False,False,False,False,False,True,False,True,False
0,3,-0.5724937540977952,0,0,-0.5551864879887359,1,1,1,-0.40646819474990575,22.8876,0.0,-0.8376494637177788,-0.2499898451208754,False,True,False,True,False,False,False,False,False,False,False,False,False,False,True,False,True,False
0,3,0.5931865739983091,0,0,-0.5091091174049641,1,1,1,-0.3374432030673318,28.762500000000003,0.0,-0.6246495966932719,0.598354705854071,False,False,True,True,False,False,False,False,False,False,False,False,False,False,True,False,True,False
1,1,-0.9861222576157678,0,0,1.3005859063525549,0,1,1,2.37352277394639,86.5,0.0,1.5748577304337725,-0.7037312515203413,False,False,True,True,False,False,False,True,False,False,False,False,False,False,False,True,False,False
0,1,-0.8357118927001413,1,0,1.827641567424142,0,2,0,1.2438434687191542,108.9,18.0,1.8122377613733929,-0.5236837228673362,True,False,False,False,True,False,False,False,True,False,False,False,False,False,False,True,False,False
1,2,0.29236584416705635,0,2,-0.12293496395240078,1,3,0,-0.369900187785899,52.0,0.0,0.3503178914890206,0.4183071772010659,False,False,True,False,False,True,False,False,False,False,False,False,False,False,True,False,True,False
1,1,0.8188021213717487,0,0,-0.10999386513144661,1,1,1,0.26044089100184115,26.55,40.0,0.37131944389592797,0.7213575976808891,True,False,True,False,True,False,False,False,False,False,False,False,False,False,True,False,True,False
0,3,-0.08366006812200955,0,0,-0.20469917923024744,1,1,1,0.11857008901932546,67.57499999999999,28.0,0.20683390462436832,0.16081972715738832,True,False,True,False,True,False,False,False,False,False,False,False,False,False,True,False,True,False
1,3,-0.23407043303763592,0,0,0.5946089659095145,1,1,1,1.3159526082709134,169.4874,26.0,1.1375245398907599,0.045144866300543984,True,False,True,False,True,False,False,False,False,False,False,False,False,False,True,False,True,False
1,3,-0.008454885664196365,0,0,-0.5523441521022427,1,1,1,-0.4022103083202193,23.25,29.0,-0.8231713196326232,0.21569817843042113,True,True,False,False,True,False,False,False,False,False,False,False,False,False,True,False,True,False
0,3,-0.3092756154954491,0,0,-0.5452853709271769,1,1,1,-0.39163608705444175,24.150000000000002,25.0,-0.7880629125377953,-0.01594763973128568,True,False,True,False,True,False,False,False,False,False,False,False,False,False,True,False,True,False
1,1,0.5179813915404959,0,0,-0.11617029865962926,0,1,1,0.2511884473942858,26.2875,36.0,0.361348788089461,0.555185233493742,True,False,True,False,True,False,False,False,False,False,True,False,False,False,False,False,True,False
1,1,1.8716746757811333,1,0,0.662942673538269,1,2,0,0.3714702142925055,59.4,0.0,1.188844321878178,1.1968861334624432,False,False,False,False,False,True,False,False,False,False,False,False,False,False,True,False,True,False
0,3,-0.3844807979532623,0,0,-0.558325292684582,1,1,1,-0.4111701984727549,22.4874,24.0,-0.8538751390212741,-0.07943653299099825,True,False,True,False,True,False,False,False,False,False,False,False,False,False,True,False,True,False
0,1,1.345238398576441,0,0,0.06578860954416106,0,1,1,0.5237671984430778,34.0208,47.0,0.6212047649429226,0.9765209134031356,True,False,True,False,True,False,False,False,False,True,False,False,False,False,False,False,True,False
1,2,0.36757102662486957,0,0,-0.4876386579974721,0,1,1,-0.30527994671725833,21.0,0.0,-0.5385497616659674,0.4652310214263179,False,False,True,False,False,True,False,False,False,False,False,True,False,False,False,False,True,False
0,3,-0.3092756154954491,0,0,-0.16646411453197382,1,1,1,0.17584712087562057,72.44999999999999,25.0,0.27639678810685203,-0.01594763973128568,True,True,False,False,True,False,False,False,False,False,False,False,False,False,True,False,True,False
1,2,0.5179813915404959,1,0,-0.12293496395240078,1,2,0,-0.21716143616911202,52.0,0.0,0.3503178914890206,0.555185233493742,False,False,True,False,False,True,False,False,False,False,False,False,False,False,True,False,True,False
0,3,0.2171606617092432,0,0,-0.5489135844511608,1,1,1,-0.3970712367850514,23.6874,32.0,-0.8059607675574288,0.36998241616245464,True,False,True,False,True,False,False,False,False,False,False,False,False,False,True,False,True,False
1,1,0.06675029679361683,0,0,1.4652908004374259,0,1,1,2.6202546034811998,93.5,0.0,1.6550088670537937,0.26877700830987145,False,False,True,True,False,False,False,True,False,False,False,False,False,False,False,False,True,False
0,3,-0.5348911628688886,0,0,-0.5489135844511608,1,1,1,-0.3970712367850514,23.6874,22.0,-0.8059607675574288,-0.21441128597586506,True,False,True,False,True,False,False,False,False,False,False,False,False,False,True,False,True,False
0,3,-0.3092756154954491,0,0,-0.5646970191586081,1,1,1,-0.42071519553533004,21.674999999999997,25.0,-0.8876115073381831,-0.01594763973128568,True,False,False,False,True,False,False,False,False,False,False,False,False,False,True,False,True,False
1,1,1.1196228512030013,0,1,0.6295122858931569,0,2,0,0.3464304583351442,57.9792,0.0,1.1640533508450142,0.8720485836005318,False,False,False,False,False,True,False,True,False,False,False,False,False,False,False,False,True,False
0,3,-0.3092756154954491,0,0,-0.5645981962221572,1,1,1,-0.4205671564376092,21.6876,25.0,-0.8870798384162878,-0.01594763973128568,True,False,False,False,True,False,False,False,False,False,False,False,False,False,True,False,True,False
0,3,0.8564047126006552,0,0,-0.5523441521022427,1,1,1,-0.4022103083202193,23.25,40.5,-0.8231713196326232,0.7409791624900989,True,True,False,False,True,False,False,False,False,False,False,False,False,False,True,False,True,False
1,2,1.5708539459498805,0,0,-0.4876386579974721,1,1,1,-0.30527994671725833,21.0,0.0,-0.5385497616659674,1.0746575823711766,False,False,True,True,False,False,False,False,False,False,False,False,False,False,True,False,True,False
0,1,0.8188021213717487,0,0,4.483606807479136,0,1,1,7.141763418804309,221.7792,40.0,2.548137596604629,0.7213575976808891,True,False,True,False,True,False,False,False,True,False,False,False,False,False,False,False,True,False
0,3,0.7435969389139355,0,0,-0.548226529750121,1,1,1,-0.39604201258184907,23.775,39.0,-0.8025478579119842,0.681386201981717,True,False,True,False,True,False,False,False,False,False,False,False,False,False,True,False,True,False
0,2,-0.45968598041107545,2,1,-0.4641093874139191,1,4,0,-0.5740414038891046,23.0,23.0,-0.45171191967458874,-0.14551751531827087,True,False,True,False,True,False,False,False,False,False,False,False,False,False,True,False,True,False
1,2,-2.038994812025152,1,1,-0.12293496395240078,1,3,0,-0.369900187785899,52.0,0.0,0.3503178914890206,-3.5116328014824925,False,False,True,True,False,False,False,False,False,False,False,False,False,False,True,False,False,False
0,3,-0.3092756154954491,0,0,-0.5645981962221572,1,1,1,-0.4205671564376092,21.6876,25.0,-0.8870798384162878,-0.01594763973128568,True,False,False,False,True,False,False,False,False,False,False,False,False,False,True,False,True,False
0,3,-0.9109170751579546,1,1,-0.5645981962221572,1,3,0,-0.5904408461588517,21.6876,17.0,-0.8870798384162878,-0.6112055388695674,True,False,False,False,True,False,False,False,False,False,False,False,False,False,True,True,False,False
1,3,-0.5724937540977952,0,2,-0.20862150863652568,1,3,0,-0.412687011767657,67.0749,0.0,0.1994278313614533,-0.2499898451208754,False,False,False,False,False,True,False,False,False,False,False,False,False,False,True,False,True,False
0,3,0.06675029679361683,0,0,-0.5308736926947507,1,1,1,-0.3700470519701459,25.987499999999997,0.0,-0.7198607416515719,0.26877700830987145,False,False,True,True,False,False,False,False,False,False,False,False,False,False,True,False,True,False
1,2,-1.6629688997360863,0,2,-0.11705264630651252,1,3,0,-0.3669629041009608,52.5,0.0,0.3599165841728647,-1.9239063492097896,False,False,True,True,False,False,False,False,False,False,False,False,False,False,True,False,False,False
0,1,1.1948280336608146,0,0,-0.10999386513144661,0,1,1,0.26044089100184115,26.55,0.0,0.37131944389592797,0.9076271427455422,True,False,True,False,False,False,True,True,False,False,False,False,False,False,False,False,True,False
1,1,0.06675029679361683,0,0,1.7694066227298482,1,1,1,3.0758273030151164,106.425,0.0,1.788515666498563,0.26877700830987145,False,False,False,True,False,False,False,False,False,False,False,False,False,False,True,False,True,False
0,3,-0.3092756154954491,0,0,-0.3935215756632601,1,1,1,-0.16429032984022424,43.5,25.0,-0.22768400474939252,-0.01594763973128568,True,False,True,False,True,False,False,False,False,False,False,False,False,False,True,False,True,False
1,1,-0.5348911628688886,0,2,0.43000289476109443,0,3,0,-0.09379552140170716,49.5,0.0,1.0024082092795594,-0.21441128597586506,False,False,False,True,False,False,False,True,False,False,False,False,False,False,False,False,True,False
1,1,0.5179813915404959,0,2,0.9358822123074836,0,3,0,0.15881087550297904,71.0,0.0,1.3718032858979057,0.555185233493742,False,False,True,True,False,False,False,True,False,False,False,False,False,False,False,False,True,False
0,3,-1.51255853482046,4,2,0.0011819383758412065,1,7,0,-0.5178973243112858,93.82499999999999,0.0,0.5361711062385779,-1.5626906554610969,False,False,True,True,False,False,False,False,False,False,False,False,False,False,True,False,False,False
0,3,-1.3621481699048337,4,2,0.0011819383758412065,1,7,0,-0.5178973243112858,93.82499999999999,0.0,0.5361711062385779,-1.2675559440396782,False,False,True,True,False,False,False,False,False,False,False,False,False,False,True,False,False,False
1,2,0.2171606617092432,1,0,-0.12293496395240078,1,2,0,-0.21716143616911202,52.0,32.0,0.3503178914890206,0.36998241616245464,True,False,True,False,True,False,False,False,False,False,False,False,False,False,True,False,True,False
0,1,1.5708539459498805,1,0,1.7694066227298482,0,2,0,1.2002248059978218,106.425,50.0,1.788515666498563,1.0746575823711766,True,False,False,False,True,False,False,False,True,False,False,False,False,False,False,False,True,False
0,1,2.623726500359265,0,0,-0.12293496395240078,1,1,1,0.24105481868124892,26.0,64.0,0.3503178914890206,1.467306482738813,True,False,True,False,True,False,False,False,False,False,False,False,False,False,True,False,False,True
1,2,-0.7605067102423282,1,0,-0.12293496395240078,1,2,0,-0.21716143616911202,52.0,0.0,0.3503178914890206,-0.4406522267396903,False,False,True,False,False,True,False,False,False,False,False,False,False,False,True,True,False,False
1,2,0.06675029679361683,0,0,-0.40852148566027513,1,1,1,-0.18676055003000153,27.725,30.0,-0.2714236482610978,0.26877700830987145,True,False,False,False,True,False,False,False,False,False,False,False,False,False,True,False,True,False
0,3,0.29236584416705635,1,1,-0.2517577203973534,1,3,0,-0.4342267004860459,61.574999999999996,33.0,0.1143024238920972,0.4183071772010659,True,False,True,False,True,False,False,False,False,False,False,False,False,False,True,False,True,False
1,2,-1.5877637172782733,1,1,0.13000469482079385,1,3,0,-0.24359698933355592,73.5,0.0,0.6993586737702213,-1.7332439675909739,True,False,True,False,False,False,False,False,False,False,False,False,False,False,True,False,False,False
1,1,-0.9109170751579546,0,2,1.8743071697725027,0,3,0,0.6274051410689637,110.8833,17.0,1.830864631844808,-0.6112055388695674,True,False,False,False,True,False,False,False,True,False,False,False,False,False,False,True,False,False
0,2,-0.15886525057982273,0,0,-0.12293496395240078,1,1,1,0.24105481868124892,52.0,27.0,0.3503178914890206,0.10401532767762588,True,False,True,False,True,False,False,False,False,False,False,False,False,False,True,False,True,False
0,3,-0.3092756154954491,0,0,-0.5504806338720254,1,1,1,-0.39941871390605405,23.4876,25.0,-0.8137871087278503,-0.01594763973128568,True,True,False,False,True,False,False,False,False,False,False,False,False,False,True,False,True,False
1,3,-0.5348911628688886,0,0,-0.5646970191586081,1,1,1,-0.42071519553533004,21.674999999999997,22.0,-0.8876115073381831,-0.21441128597586506,True,False,False,False,True,False,False,False,False,False,False,False,False,False,True,False,True,False
1,3,-0.5348911628688886,0,0,-0.551755920337654,1,1,1,-0.40132912321473785,23.325000000000003,0.0,-0.8201999887044109,-0.21441128597586506,False,False,True,True,False,False,False,False,False,False,False,False,False,False,True,False,True,False
0,1,2.4733161354436386,0,0,-0.10999386513144661,1,1,1,0.26044089100184115,26.55,62.0,0.37131944389592797,1.416716138017848,True,False,True,False,True,False,False,False,False,False,False,False,False,False,True,False,False,True
1,1,1.4204435810342542,1,0,0.1970631159839199,0,2,0,0.02252091252184603,39.6,0.0,0.77515816012957,1.009898575843634,False,False,False,False,False,False,True,False,False,False,False,False,False,False,False,False,True,False
0,1,0.8188021213717487,0,0,4.618801290398115,1,1,1,7.344287953967325,227.525,40.0,2.5746575858437715,0.7213575976808891,True,False,False,False,True,False,False,False,False,False,False,False,False,False,True,False,True,False
1,1,0.7435969389139355,1,1,1.139410402855217,0,3,0,0.26044089100184115,79.65,0.0,1.4899586742034754,0.681386201981717,False,False,True,False,False,True,False,False,False,False,True,False,False,False,False,False,True,False
1,3,0.5179813915404959,1,0,-0.3252866909709565,1,2,0,-0.36872527431192376,52.199999999999996,0.0,-0.04906411355801083,0.555185233493742,False,False,True,False,False,True,False,False,False,False,False,False,False,False,True,False,True,False
0,3,-0.3092756154954491,0,0,-0.5523441521022427,1,1,1,-0.4022103083202193,23.25,25.0,-0.8231713196326232,-0.01594763973128568,True,True,False,False,True,False,False,False,False,False,False,False,False,False,True,False,True,False
0,3,0.8188021213717487,0,0,-0.5489135844511608,1,1,1,-0.3970712367850514,23.6874,40.0,-0.8059607675574288,0.7213575976808891,True,False,True,False,True,False,False,False,False,False,False,False,False,False,True,False,True,False
0,2,-0.08366006812200955,0,0,-0.4170508462468131,1,1,1,-0.19953773405948275,27.0,28.0,-0.2971397889995716,0.16081972715738832,True,False,True,False,True,False,False,False,False,False,False,False,False,False,True,False,True,False
0,3,-0.3092756154954491,0,0,-0.5452853709271769,1,1,1,-0.39163608705444175,24.150000000000002,25.0,-0.7880629125377953,-0.01594763973128568,True,False,True,False,True,False,False,False,False,False,False,False,False,False,True,False,True,False
0,3,-0.5724937540977952,0,0,-0.5452853709271769,1,1,1,-0.39163608705444175,24.150000000000002,0.0,-0.7880629125377953,-0.2499898451208754,False,False,True,True,False,False,False,False,False,False,False,False,False,False,True,False,True,False
0,3,-0.3844807979532623,2,0,-0.16646411453197382,1,3,0,-0.3916360870544418,72.44999999999999,24.0,0.27639678810685203,-0.07943653299099825,True,False,True,False,True,False,False,False,False,False,False,False,False,False,True,False,True,False
0,3,-0.7605067102423282,0,0,-0.5489135844511608,1,1,1,-0.3970712367850514,23.6874,19.0,-0.8059607675574288,-0.4406522267396903,True,False,True,False,True,False,False,False,False,False,False,False,False,False,True,True,False,False
0,3,-0.008454885664196365,0,4,-0.23881662157639924,1,5,0,-0.5268098822352982,63.224999999999994,0.0,0.14057895220285974,0.21569817843042113,False,False,True,False,False,True,False,False,False,False,False,False,False,False,True,False,True,False
0,3,-0.3092756154954491,0,0,-0.5645981962221572,1,1,1,-0.4205671564376092,21.6876,25.0,-0.8870798384162878,-0.01594763973128568,True,False,False,False,True,False,False,False,False,False,False,False,False,False,True,False,True,False
1,3,0.2171606617092432,0,0,-0.5498924021074366,1,1,1,-0.39853752880057264,23.5626,32.0,-0.8108423936907564,0.36998241616245464,True,False,True,False,True,False,False,False,False,False,False,False,False,False,True,False,True,False
1,2,2.4733161354436386,0,0,-0.4876386579974721,1,1,1,-0.30527994671725833,21.0,62.0,-0.5385497616659674,1.416716138017848,True,False,True,False,True,False,False,False,False,False,False,False,False,False,True,False,False,True
1,1,1.79646949332332,2,0,0.47657202710006247,0,3,0,-0.07054163392478838,51.4792,0.0,1.0424452894926037,1.1671832950219512,False,False,True,False,False,True,False,False,True,False,False,False,False,False,False,False,True,False
1,1,0.5179813915404959,0,0,-0.113817371601274,0,1,1,0.25471318781621155,26.3875,36.0,0.36515839739966754,0.555185233493742,True,False,True,False,True,False,False,False,False,False,True,False,False,False,False,False,True,False
1,3,-0.5724937540977952,0,0,-0.5523441521022427,1,1,1,-0.4022103083202193,23.25,0.0,-0.8231713196326232,-0.2499898451208754,False,True,False,True,False,False,False,False,False,False,False,False,False,False,True,False,True,False
0,3,-0.9861222576157678,0,0,-0.5452853709271769,1,1,1,-0.39163608705444175,24.150000000000002,16.0,-0.7880629125377953,-0.7037312515203413,True,False,True,False,True,False,False,False,False,False,False,False,False,False,True,True,False,False
0,3,-0.7605067102423282,0,0,-0.3935215756632601,1,1,1,-0.16429032984022424,43.5,19.0,-0.22768400474939252,-0.4406522267396903,True,False,True,False,True,False,False,False,False,False,False,False,False,False,True,True,False,False
1,2,0.36757102662486957,0,0,-0.4288154815385896,1,1,1,-0.21716143616911202,26.0,0.0,-0.3336856715246667,0.4652310214263179,False,False,True,True,False,False,False,False,False,False,False,False,False,False,True,False,True,False
1,1,0.7435969389139355,1,0,0.5805902264958336,0,2,0,0.30978725690880304,55.9,0.0,1.1266762047666348,0.681386201981717,False,False,True,False,False,True,False,False,False,False,True,False,False,False,False,False,True,False
0,3,-0.5724937540977952,1,0,-0.39450274624659437,1,2,0,-0.4205689188078201,43.3749,0.0,-0.23048961900810686,-0.2499898451208754,False,False,False,False,False,True,False,False,False,False,False,False,False,False,True,False,True,False
1,3,0.2171606617092432,0,0,-0.548226529750121,1,1,1,-0.39604201258184907,23.775,32.0,-0.8025478579119842,0.36998241616245464,True,False,True,False,True,False,False,False,False,False,False,False,False,False,True,False,True,False
1,2,-0.3092756154954491,1,1,-0.02881788161818882,1,3,0,-0.3229036488268876,60.0,0.0,0.4941946697941956,-0.01594763973128568,False,False,True,True,False,False,False,False,False,False,False,False,False,False,True,False,True,False
1,1,0.7435969389139355,1,1,1.8743071697725027,0,3,0,0.6274051410689637,110.8833,0.0,1.830864631844808,0.681386201981717,False,False,False,False,False,True,False,False,True,False,False,False,False,False,False,False,True,False
0,2,1.8716746757811333,0,0,-0.12293496395240078,1,1,1,0.24105481868124892,52.0,54.0,0.3503178914890206,1.1968861334624432,True,False,True,False,True,False,False,False,False,False,False,False,False,False,True,False,True,False
0,1,0.5179813915404959,0,0,0.2094159830402852,0,1,1,0.7389244032782757,40.125,36.0,0.7885388681846246,0.555185233493742,True,False,False,False,True,False,False,False,False,False,False,False,False,False,False,False,True,False
0,3,-0.3092756154954491,0,0,-0.529697229165573,1,1,1,-0.368284681759183,26.137500000000003,25.0,-0.714485499866676,-0.01594763973128568,True,False,False,False,True,False,False,False,False,False,False,False,False,False,True,False,True,False
1,1,-0.8357118927001413,0,2,1.139410402855217,0,3,0,0.26044089100184115,79.65,0.0,1.4899586742034754,-0.5236837228673362,False,False,True,True,False,False,False,False,False,False,True,False,False,False,False,True,False,False
0,2,1.345238398576441,0,0,-0.3817569403714836,1,1,1,-0.14666662773059497,30.0,47.0,-0.1946192980022641,0.9765209134031356,True,False,True,False,True,False,False,False,False,False,False,False,False,False,True,False,True,False
1,1,2.3229057705280125,1,1,1.1288222310926181,0,3,0,0.2551537803689524,79.2,60.0,1.4841314553606355,1.364493568024432,True,False,False,False,True,False,False,True,False,False,False,False,False,False,False,False,False,True
0,3,-0.5348911628688886,0,0,-0.5452853709271769,1,1,1,-0.39163608705444175,24.150000000000002,22.0,-0.7880629125377953,-0.21441128597586506,True,False,True,False,True,False,False,False,False,False,False,False,False,False,True,False,True,False
0,3,-0.3092756154954491,0,0,-0.5452853709271769,1,1,1,-0.39163608705444175,24.150000000000002,25.0,-0.7880629125377953,-0.01594763973128568,True,False,True,False,True,False,False,False,False,False,False,False,False,False,True,False,True,False
0,3,0.4427762090826827,0,0,-0.5670499462169634,1,1,1,-0.4242399359572559,21.375,35.0,-0.9003511253244326,0.5108328898518398,True,False,True,False,True,False,False,False,False,False,False,False,False,False,True,False,True,False
1,1,1.7212643108655068,1,0,1.106862362856988,0,2,0,0.703971314884248,78.2667,0.0,1.4719408586436735,1.1369252313052896,False,False,False,False,False,True,False,False,False,True,False,False,False,False,False,False,True,False
0,3,1.345238398576441,0,0,-0.5641087873940193,1,1,1,-0.4198340104298486,21.75,47.0,-0.884450804505842,0.9765209134031356,True,False,True,False,True,False,False,False,False,False,False,False,False,False,True,False,True,False
0,3,-0.5724937540977952,0,2,-0.5523441521022427,1,3,0,-0.5843218967863885,23.25,0.0,-0.8231713196326232,-0.2499898451208754,False,True,False,True,False,False,False,False,False,False,False,False,False,False,True,False,True,False
0,2,0.5931865739983091,1,0,-0.12293496395240078,1,2,0,-0.21716143616911202,52.0,37.0,0.3503178914890206,0.598354705854071,True,False,True,False,True,False,False,False,False,False,False,False,False,False,True,False,True,False
0,3,0.5179813915404959,1,1,-0.16646411453197382,1,3,0,-0.3916360870544418,72.44999999999999,36.0,0.27639678810685203,0.555185233493742,True,False,True,False,True,False,False,False,False,False,False,False,False,False,True,False,True,False
1,2,-0.08366006812200955,0,0,0.04176993013247014,1,1,1,0.48778664821605866,66.0,0.0,0.5903969364549354,0.16081972715738832,False,False,True,True,False,False,False,False,False,False,False,False,False,False,True,False,True,False
0,3,1.4956487634920672,0,0,-0.7346959991247785,1,1,1,-0.675377691019473,0.0,49.0,-3.082133996176616,1.042601895730409,True,False,True,False,True,False,False,False,False,False,False,False,False,False,True,False,True,False
0,3,-0.3092756154954491,0,0,-0.5646970191586081,1,1,1,-0.42071519553533004,21.674999999999997,25.0,-0.8876115073381831,-0.01594763973128568,True,False,False,False,True,False,False,False,False,False,False,False,False,False,True,False,True,False
1,1,1.4956487634920672,1,0,0.6048065517804263,0,2,0,0.3279255711200335,56.9292,0.0,1.1453454953331452,1.042601895730409,True,False,False,False,False,False,True,False,False,False,False,False,False,False,False,False,True,False
1,2,-0.3844807979532623,2,1,-0.09940569336884779,1,4,0,-0.43745771253947785,54.0,0.0,0.3881930030189209,-0.07943653299099825,False,False,True,False,False,True,False,False,False,False,False,False,False,False,True,False,True,False
0,3,-0.3092756154954491,0,0,-0.5489135844511608,1,1,1,-0.3970712367850514,23.6874,25.0,-0.8059607675574288,-0.01594763973128568,True,False,True,False,True,False,False,False,False,False,False,False,False,False,True,False,True,False
0,1,0.8188021213717487,0,0,0.2629450736178682,1,1,1,0.8191122478770888,42.4,40.0,0.844613944379749,0.7213575976808891,True,False,True,False,True,False,False,False,False,False,False,False,False,False,True,False,True,False
0,3,1.1196228512030013,0,0,-0.5452853709271769,1,1,1,-0.39163608705444175,24.150000000000002,44.0,-0.7880629125377953,0.8720485836005318,True,False,True,False,True,False,False,False,False,False,False,False,False,False,True,False,True,False
1,1,0.4427762090826827,0,0,-0.10999386513144661,1,1,1,0.26044089100184115,26.55,35.0,0.37131944389592797,0.5108328898518398,True,False,False,False,True,False,False,False,False,False,False,False,False,False,True,False,True,False
0,3,0.5179813915404959,1,0,-0.3688158415505295,1,2,0,-0.40132912321473785,46.650000000000006,36.0,-0.15942099054190134,0.555185233493742,True,False,True,False,True,False,False,False,False,False,False,False,False,False,True,False,True,False
0,3,0.06675029679361683,0,0,-0.5489135844511608,1,1,1,-0.3970712367850514,23.6874,30.0,-0.8059607675574288,0.26877700830987145,True,False,True,False,True,False,False,False,False,False,False,False,False,False,True,False,True,False
1,1,-0.15886525057982273,0,0,-0.017053246326412325,1,1,1,0.3996681376679123,30.5,27.0,0.5108582378319145,0.10401532767762588,True,False,True,False,True,False,False,False,False,False,False,False,False,False,True,False,True,False
1,2,-0.5348911628688886,1,2,0.24363224832288793,1,4,0,-0.30898797364112435,83.1584,0.0,0.8247289309558432,-0.21441128597586506,False,False,False,False,False,True,False,False,False,False,False,False,False,False,True,False,True,False
1,1,0.8188021213717487,0,0,2.876164687803722,0,1,1,4.733777078978489,153.4625,0.0,2.166727286401155,0.7213575976808891,False,False,True,True,False,False,False,False,True,False,False,False,False,False,False,False,True,False
0,3,0.7435969389139355,1,5,0.0011819383758412065,1,7,0,-0.5178973243112858,93.82499999999999,0.0,0.5361711062385779,0.681386201981717,False,False,True,False,False,True,False,False,False,False,False,False,False,False,True,False,True,False
0,3,-0.3092756154954491,0,0,-0.5688146415107299,1,1,1,-0.4268834912737003,21.15,25.0,-0.9100091616240019,-0.01594763973128568,True,False,True,False,True,False,False,False,False,False,False,False,False,False,True,False,True,False
1,3,-0.5724937540977952,1,0,-0.36999230507970715,1,2,0,-0.4022103083202193,46.5,0.0,-0.1625721299622539,-0.2499898451208754,False,True,False,True,False,False,False,False,False,False,False,False,False,False,True,False,True,False
0,3,-0.3092756154954491,0,0,-0.5523441521022427,1,1,1,-0.4022103083202193,23.25,25.0,-0.8231713196326232,-0.01594763973128568,True,True,False,False,True,False,False,False,False,False,False,False,False,False,True,False,True,False
0,3,0.4427762090826827,0,0,-0.5452853709271769,1,1,1,-0.39163608705444175,24.150000000000002,35.0,-0.7880629125377953,0.5108328898518398,True,False,True,False,True,False,False,False,False,False,False,False,False,False,True,False,True,False
1,2,-0.3844807979532623,1,2,0.7947065888061656,1,4,0,-0.1026073724565218,130.0,0.0,1.2811852191249218,-0.07943653299099825,False,False,True,True,False,False,False,False,False,False,False,False,False,False,True,False,True,False
0,3,0.36757102662486957,1,1,-0.3958745027216154,1,3,0,-0.506190150767032,43.2,34.0,-0.23442481005499102,0.4652310214263179,True,False,True,False,True,False,False,False,False,False,False,False,False,False,True,False,True,False
0,3,-0.23407043303763592,1,0,-0.3558747427295753,1,2,0,-0.39163608705444175,48.300000000000004,0.0,-0.12537350483735854,0.045144866300543984,False,False,True,False,False,True,False,False,False,False,False,False,False,False,True,False,True,False
1,2,-1.8885844471095259,2,1,0.18294555363378806,0,4,0,-0.33171549988170224,78.0,0.0,0.7596524029769555,-2.6847290841825044,False,False,True,True,False,False,False,False,False,False,False,True,False,False,False,False,False,False
0,2,-0.23407043303763592,0,0,-0.4876386579974721,1,1,1,-0.30527994671725833,21.0,26.0,-0.5385497616659674,0.045144866300543984,True,False,True,False,True,False,False,False,False,False,False,False,False,False,True,False,True,False
0,3,-0.15886525057982273,1,0,-0.3945992162559869,1,2,0,-0.4206411759864696,43.3626,27.0,-0.2307658793066255,0.10401532767762588,True,False,False,False,True,False,False,False,False,False,False,False,False,False,True,False,True,False
1,1,0.969212486287375,1,0,0.501865992977382,0,2,0,0.2508218743904055,52.5542,42.0,1.0635631250648405,0.7984559438182829,True,False,True,False,True,False,False,False,False,True,False,False,False,False,False,False,True,False
1,3,-0.685301527784515,1,1,-0.36430528037966237,1,3,0,-0.4904263366867056,47.2251,20.0,-0.14742711087486282,-0.36167269587366996,True,False,False,False,True,False,False,False,False,False,False,False,False,False,True,False,True,False
0,3,-0.6100963453267019,0,0,-0.5498924021074366,1,1,1,-0.39853752880057264,23.5626,21.0,-0.8108423936907564,-0.28636798900765603,True,False,True,False,True,False,False,False,False,False,False,False,False,False,True,False,True,False
0,3,-0.6100963453267019,0,0,-0.3558747427295753,1,1,1,-0.10789448308941052,48.300000000000004,21.0,-0.12537350483735854,-0.28636798900765603,True,False,True,False,True,False,False,False,False,False,False,False,False,False,True,False,True,False
0,1,2.3981109529858253,0,0,0.025788849552120918,0,1,1,0.4638466112703382,32.3208,61.0,0.5693818156030228,1.3908154370312786,True,False,True,False,True,False,False,False,False,True,False,False,False,False,False,False,False,True
0,2,2.0972902231545727,0,0,-0.4441095074178991,1,1,1,-0.2400722489116301,24.7,0.0,-0.38319722572109616,1.2828581558787948,True,True,False,False,False,False,True,False,False,False,False,False,False,False,True,False,True,False
1,1,-0.6100963453267019,0,0,1.0996059358090202,0,1,1,2.072450021326749,77.9583,0.0,1.4678810219745526,-0.28636798900765603,False,False,True,True,False,False,False,False,False,True,False,False,False,False,False,False,True,False
0,3,-0.23407043303763592,0,0,-0.5489135844511608,1,1,1,-0.3970712367850514,23.6874,26.0,-0.8059607675574288,0.045144866300543984,True,False,True,False,True,False,False,False,False,False,False,False,False,False,True,False,True,False
0,3,-0.3092756154954491,0,0,-0.5527370909209881,1,1,1,-0.40279893997068095,23.1999,25.0,-0.8251609020776415,-0.01594763973128568,True,True,False,False,True,False,False,False,False,False,False,False,False,False,True,False,True,False
1,1,3.827009419684276,0,0,-0.02881788161818882,0,1,1,0.38204443555828305,30.0,80.0,0.4941946697941956,1.8235337001920626,True,False,True,False,True,False,False,False,False,False,False,False,False,False,False,False,False,True
0,3,1.6460591284076938,0,0,-0.568715818574279,1,1,1,-0.4267354521759794,21.162599999999998,51.0,-0.9094659376958963,1.1060907889901215,True,False,True,False,True,False,False,False,False,False,False,False,False,False,True,False,True,False
1,1,0.2171606617092432,0,0,-0.017053246326412325,0,1,1,0.3996681376679123,30.5,0.0,0.5108582378319145,0.36998241616245464,True,False,False,False,False,False,True,True,False,False,False,False,False,False,False,False,True,False
0,1,0.8188021213717487,0,0,-0.7346959991247785,1,1,1,-0.675377691019473,0.0,40.0,-3.082133996176616,0.7213575976808891,True,False,True,False,True,False,False,False,False,False,False,False,False,False,True,False,True,False
0,3,-1.51255853482046,3,2,-0.07822934984365013,1,6,0,-0.5114772613999208,83.69999999999999,0.0,0.4211414699329149,-1.5626906554610969,False,False,True,True,False,False,False,False,False,False,False,False,False,False,True,False,False,False
1,2,-0.08366006812200955,0,0,-0.4288154815385896,1,1,1,-0.21716143616911202,26.0,0.0,-0.3336856715246667,0.16081972715738832,False,False,True,True,False,False,False,False,False,False,False,False,False,False,True,False,True,False
0,3,0.2171606617092432,0,0,-0.548226529750121,1,1,1,-0.39604201258184907,23.775,32.0,-0.8025478579119842,0.36998241616245464,True,False,True,False,True,False,False,False,False,False,False,False,False,False,True,False,True,False
0,2,0.14195547925143,1,1,-0.11705264630651252,1,3,0,-0.3669629041009608,52.5,31.0,0.3599165841728647,0.32017050823302495,True,False,True,False,True,False,False,False,False,False,False,False,False,False,True,False,True,False
0,3,0.8940073038295618,0,5,0.19912192715998075,1,6,0,-0.4422307985275025,119.0625,0.0,0.7774002509500836,0.7603657328477373,False,False,True,False,False,True,False,False,False,False,False,False,False,False,True,False,True,False
0,3,-0.3092756154954491,1,0,-0.3558747427295753,1,2,0,-0.39163608705444175,48.300000000000004,25.0,-0.12537350483735854,-0.01594763973128568,True,False,True,False,True,False,False,False,False,False,False,False,False,False,True,False,True,False
0,3,-0.685301527784515,0,0,-0.5498924021074366,1,1,1,-0.39853752880057264,23.5626,20.0,-0.8108423936907564,-0.36167269587366996,True,False,True,False,True,False,False,False,False,False,False,False,False,False,True,False,True,False
1,1,-0.3844807979532623,0,0,0.8958824523154435,0,1,1,1.7672674213751434,69.3,0.0,1.3469185273957431,-0.07943653299099825,False,False,False,True,False,False,False,True,False,False,False,False,False,False,False,False,True,False
0,3,-2.038994812025152,3,2,-0.07822934984365013,1,6,0,-0.5114772613999208,83.69999999999999,0.0,0.4211414699329149,-3.5116328014824925,False,False,True,True,False,False,False,False,False,False,False,False,False,False,True,False,False,False
1,3,-0.3092756154954491,0,0,0.5946089659095145,1,1,1,1.3159526082709134,169.4874,25.0,1.1375245398907599,-0.01594763973128568,True,False,True,False,True,False,False,False,False,False,False,False,False,False,True,False,True,False
1,3,-2.1330012900974187,2,1,-0.28156224744554,1,4,0,-0.5056764198505364,57.774899999999995,0.0,0.05113795041361231,-4.384138387208003,False,False,False,True,False,False,False,False,False,False,False,False,False,False,True,False,False,False
1,1,1.4204435810342542,1,0,1.0706861093347755,0,2,0,0.676874872890693,76.7292,48.0,1.4515418320027884,1.009898575843634,True,False,False,False,True,False,False,False,False,True,False,False,False,False,False,False,True,False
0,3,-0.7605067102423282,0,0,-0.5489135844511608,1,1,1,-0.3970712367850514,23.6874,19.0,-0.8059607675574288,-0.4406522267396903,True,False,True,False,True,False,False,False,False,False,False,False,False,False,True,True,False,False
1,1,2.0220850406967594,0,0,0.10059310659135261,0,1,1,0.575905158764205,35.5,0.0,0.6642896775014523,1.2547051110241825,True,False,False,False,False,False,True,False,False,False,False,False,False,False,False,False,True,False
0,3,-0.3092756154954491,0,0,-0.5570500062189534,1,1,1,-0.409259789164071,22.65,25.0,-0.8472521793809467,-0.01594763973128568,True,False,True,False,True,False,False,False,False,False,False,False,False,False,True,False,True,False
1,3,-0.45968598041107545,0,0,-0.5570500062189534,1,1,1,-0.409259789164071,22.65,0.0,-0.8472521793809467,-0.14551751531827087,False,False,True,True,False,False,False,False,False,False,False,False,False,False,True,False,True,False
0,3,-0.3092756154954491,0,0,-0.5489135844511608,1,1,1,-0.3970712367850514,23.6874,25.0,-0.8059607675574288,-0.01594763973128568,True,False,True,False,True,False,False,False,False,False,False,False,False,False,True,False,True,False
1,2,-0.8357118927001413,0,1,-0.19352277570305973,1,2,0,-0.27003254249799985,46.0,0.0,0.22765265667602697,-0.5236837228673362,False,False,True,True,False,False,False,False,False,False,False,False,False,False,True,True,False,False
0,3,-0.6100963453267019,0,0,-0.536266601512501,1,1,1,-0.3781257570172,25.299899999999997,21.0,-0.7448622585635101,-0.28636798900765603,True,False,True,False,True,False,False,False,False,False,False,False,False,False,True,False,True,False
1,3,-0.5724937540977952,0,0,-0.5504806338720254,1,1,1,-0.39941871390605405,23.4876,0.0,-0.8137871087278503,-0.2499898451208754,False,True,False,True,False,False,False,False,False,False,False,False,False,False,True,False,True,False
0,3,-0.8357118927001413,0,0,-0.5758734226857958,1,1,1,-0.43745771253947785,20.25,0.0,-0.9495626792929805,-0.5236837228673362,False,True,False,True,False,False,False,False,False,False,False,False,False,False,True,True,False,False
0,2,-0.3844807979532623,2,0,0.994705388766366,1,3,0,0.18818371235236112,147.0,24.0,1.4073511321378163,-0.07943653299099825,True,False,True,False,True,False,False,False,False,False,False,False,False,False,True,False,True,False
0,3,-0.3092756154954491,0,0,-0.5489135844511608,1,1,1,-0.3970712367850514,23.6874,25.0,-0.8059607675574288,-0.01594763973128568,True,False,True,False,True,False,False,False,False,False,False,False,False,False,True,False,True,False
0,3,0.2171606617092432,1,1,-0.36999230507970715,1,3,0,-0.49326610255330383,46.5,0.0,-0.1625721299622539,0.36998241616245464,False,True,False,False,False,True,False,False,False,False,False,False,False,False,True,False,True,False
0,2,-0.45968598041107545,0,0,-0.4288154815385896,1,1,1,-0.21716143616911202,26.0,23.0,-0.3336856715246667,-0.14551751531827087,True,False,True,False,True,False,False,False,False,False,False,False,False,False,True,False,True,False
0,1,2.172495405612386,0,2,1.9305821262271863,0,3,0,0.6555055466260304,113.275,58.0,1.8528928368906141,1.3105299284608571,True,False,False,False,True,False,False,False,False,True,False,False,False,False,False,False,True,False
1,1,1.5708539459498805,2,0,2.4099910143670784,1,3,0,0.8948941669484949,133.65,0.0,2.023764703288022,1.0746575823711766,True,False,True,False,False,False,True,False,False,False,False,False,False,False,True,False,True,False
0,3,0.8188021213717487,0,0,-0.5646970191586081,1,1,1,-0.42071519553533004,21.674999999999997,40.0,-0.8876115073381831,0.7213575976808891,True,False,False,False,True,False,False,False,False,False,False,False,False,False,True,False,True,False
0,1,1.345238398576441,0,0,-0.1326407880681164,0,1,1,0.22651526444080472,25.5875,47.0,0.3342840427794989,0.9765209134031356,True,False,True,False,True,False,False,False,False,False,True,False,False,False,False,False,True,False
0,3,0.5179813915404959,0,0,-0.558325292684582,1,1,1,-0.4111701984727549,22.4874,36.0,-0.8538751390212741,0.555185233493742,True,False,True,False,True,False,False,False,False,False,False,False,False,False,True,False,True,False
1,3,-0.685301527784515,1,0,-0.548226529750121,1,2,0,-0.535709851800661,23.775,20.0,-0.8025478579119842,-0.36167269587366996,True,False,True,False,True,False,False,False,False,False,False,False,False,False,True,False,True,False
0,2,0.2171606617092432,2,0,0.994705388766366,1,3,0,0.18818371235236112,147.0,32.0,1.4073511321378163,0.36998241616245464,True,False,True,False,True,False,False,False,False,False,False,False,False,False,True,False,True,False
0,2,-0.3092756154954491,0,0,-0.4288154815385896,1,1,1,-0.21716143616911202,26.0,25.0,-0.3336856715246667,-0.01594763973128568,True,False,True,False,True,False,False,False,False,False,False,False,False,False,True,False,True,False
0,3,-0.3092756154954491,0,0,-0.551755920337654,1,1,1,-0.40132912321473785,23.325000000000003,25.0,-0.8201999887044109,-0.01594763973128568,True,False,True,False,True,False,False,False,False,False,False,False,False,False,True,False,True,False
0,3,1.0444176687451883,0,0,-0.5452853709271769,1,1,1,-0.39163608705444175,24.150000000000002,43.0,-0.7880629125377953,0.8356704397137504,True,False,True,False,True,False,False,False,False,False,False,False,False,False,True,False,True,False
1,1,0.4427762090826827,1,0,0.4888260712199769,0,2,0,0.24105481868124892,52.0,0.0,1.0527296294545725,0.5108328898518398,False,False,True,False,False,True,False,False,True,False,False,False,False,False,False,False,True,False
1,2,0.8188021213717487,1,1,0.18294555363378806,1,3,0,-0.21716143616911202,78.0,0.0,0.7596524029769555,0.7213575976808891,False,False,True,False,False,True,False,False,False,False,False,False,False,False,True,False,True,False
0,1,0.14195547925143,1,0,0.4888260712199769,0,2,0,0.24105481868124892,52.0,31.0,1.0527296294545725,0.32017050823302495,True,False,True,False,True,False,False,True,False,False,False,False,False,False,False,False,True,False
0,2,3.0749575951061443,0,0,-0.4876386579974721,1,1,1,-0.30527994671725833,21.0,70.0,-0.5385497616659674,1.6102309596290223,True,False,True,False,True,False,False,False,False,False,False,False,False,False,True,False,False,True
1,2,0.14195547925143,0,0,-0.4288154815385896,1,1,1,-0.21716143616911202,26.0,31.0,-0.3336856715246667,0.32017050823302495,True,False,True,False,True,False,False,False,False,False,False,False,False,False,True,False,True,False
0,2,0.06675029679361683,0,0,-0.7346959991247785,1,1,1,-0.675377691019473,0.0,30.0,-3.082133996176616,0.26877700830987145,True,False,True,False,True,False,False,False,False,False,False,False,False,False,True,False,True,False
0,3,-0.8357118927001413,0,0,-0.551755920337654,1,1,1,-0.40132912321473785,23.325000000000003,18.0,-0.8201999887044109,-0.5236837228673362,True,False,True,False,True,False,False,False,False,False,False,False,False,False,True,True,False,False
0,3,-0.3468782067243557,0,0,-0.5452853709271769,1,1,1,-0.39163608705444175,24.150000000000002,24.5,-0.7880629125377953,-0.04738084635023061,True,False,True,False,True,False,False,False,False,False,False,False,False,False,True,False,True,False
1,3,-0.8357118927001413,0,0,-0.503127976822625,1,1,1,-0.32848331291479627,29.5251,0.0,-0.5999403954391926,-0.5236837228673362,False,False,True,True,False,False,False,False,False,False,False,False,False,False,True,True,False,False
0,3,1.0444176687451883,1,6,0.36882679124385664,1,8,0,-0.4687397837840698,140.7,0.0,0.947359378849738,0.8356704397137504,False,False,True,False,False,True,False,False,False,False,False,False,False,False,True,False,True,False
1,1,0.5179813915404959,0,1,5.124238728242953,0,2,0,3.713033753705343,249.00622000000035,36.0,2.668221715908568,0.555185233493742,True,False,False,False,True,False,False,True,False,False,False,False,False,False,False,False,True,False
0,3,-0.5724937540977952,0,0,-0.543226559751116,1,1,1,-0.38855193918525666,24.412499999999998,0.0,-0.7780420029388742,-0.2499898451208754,False,True,False,True,False,False,False,False,False,False,False,False,False,False,True,False,True,False
1,1,-0.15886525057982273,0,0,1.0706861093347755,0,1,1,2.029127436800859,76.7292,27.0,1.4515418320027884,0.10401532767762588,True,False,False,False,True,False,False,False,False,True,False,False,False,False,False,False,True,False
0,3,-0.685301527784515,0,0,-0.5176384779915022,1,1,1,-0.350220387096813,27.674999999999997,20.0,-0.6609320319930775,-0.36167269587366996,True,False,True,False,True,False,False,False,False,False,False,False,False,False,True,False,True,False
0,3,-1.136532622531394,5,2,0.36882679124385664,1,8,0,-0.4687397837840698,140.7,14.0,0.947359378849738,-0.9063402502909861,True,False,True,False,True,False,False,False,False,False,False,False,False,False,True,True,False,False
0,2,2.3229057705280125,1,1,0.18294555363378806,1,3,0,-0.21716143616911202,78.0,60.0,0.7596524029769555,1.364493568024432,True,False,True,False,True,False,False,False,False,False,False,False,False,False,True,False,False,True
0,2,-0.3092756154954491,1,2,0.24363224832288793,1,4,0,-0.30898797364112435,83.1584,25.0,0.8247289309558432,-0.01594763973128568,True,False,False,False,True,False,False,False,False,False,False,False,False,False,True,False,True,False
0,3,-1.136532622531394,4,1,0.19912192715998075,1,6,0,-0.4422307985275025,119.0625,14.0,0.7774002509500836,-0.9063402502909861,True,False,True,False,True,False,False,False,False,False,False,False,False,False,True,True,False,False
0,3,-0.7605067102423282,0,0,-0.49538449387357775,1,1,1,-0.3168833921862383,30.5124,19.0,-0.5687974545680154,-0.4406522267396903,True,False,True,False,True,False,False,False,False,False,False,False,False,False,True,True,False,False
0,3,-0.8357118927001413,0,0,-0.5512665115095161,1,1,1,-0.4005959772069773,23.3874,18.0,-0.8177342857855271,-0.5236837228673362,True,False,True,False,True,False,False,False,False,False,False,False,False,False,True,True,False,False
1,1,-1.061327440073581,0,1,4.237921222826851,0,2,0,3.0491714535743024,211.3375,0.0,2.4981436302101905,-0.8018679204883823,False,False,True,True,False,False,False,True,False,False,False,False,False,False,False,True,False,False
1,1,0.14195547925143,1,0,0.6064724241377418,0,2,0,0.32917332922939524,57.0,31.0,1.146617560087604,0.32017050823302495,True,False,True,False,True,False,False,True,False,False,False,False,False,False,False,False,True,False
1,3,-1.8885844471095259,0,1,-0.419010834486423,1,2,0,-0.43892576692521,40.2501,0.0,-0.30313999581901996,-2.6847290841825044,False,False,False,True,False,False,False,False,False,False,False,False,False,False,True,False,False,False
1,3,-0.3092756154954491,0,0,0.5946089659095145,1,1,1,1.3159526082709134,169.4874,25.0,1.1375245398907599,-0.01594763973128568,True,False,True,False,True,False,False,False,False,False,False,False,False,False,True,False,True,False
0,3,-0.3092756154954491,0,0,-0.5646970191586081,1,1,1,-0.42071519553533004,21.674999999999997,25.0,-0.8876115073381831,-0.01594763973128568,True,False,False,False,True,False,False,False,False,False,False,False,False,False,True,False,True,False
0,1,2.3229057705280125,0,0,-0.10999386513144661,1,1,1,0.26044089100184115,26.55,0.0,0.37131944389592797,1.364493568024432,True,False,True,False,False,False,True,False,False,False,False,False,False,False,True,False,False,True
0,2,1.7212643108655068,0,0,-0.4170508462468131,1,1,1,-0.19953773405948275,27.0,52.0,-0.2971397889995716,1.1369252313052896,True,False,True,False,True,False,False,False,False,False,False,False,False,False,True,False,True,False
0,3,1.1196228512030013,0,0,-0.5452853709271769,1,1,1,-0.39163608705444175,24.150000000000002,44.0,-0.7880629125377953,0.8720485836005318,True,False,True,False,True,False,False,False,False,False,False,False,False,False,True,False,True,False
1,3,-0.5724937540977952,0,0,-0.5527370909209881,1,1,1,-0.40279893997068095,23.1999,0.0,-0.8251609020776415,-0.2499898451208754,False,True,False,True,False,False,False,False,False,False,False,False,False,False,True,False,True,False
0,1,1.4956487634920672,1,1,1.8743071697725027,0,3,0,0.6274051410689637,110.8833,49.0,1.830864631844808,1.042601895730409,True,False,False,False,True,False,False,False,True,False,False,False,False,False,False,False,True,False
0,3,0.969212486287375,0,0,-0.5546970791605981,0,1,1,-0.40573504874214517,22.950000000000003,42.0,-0.8351421500958559,0.7984559438182829,True,False,True,False,True,False,False,False,False,False,False,True,False,False,False,False,True,False
1,1,-0.8357118927001413,1,0,4.618801290398115,0,2,0,3.334455131473926,227.525,0.0,2.5746575858437715,-0.5236837228673362,False,False,False,False,False,True,False,False,True,False,False,False,False,False,False,True,False,False
1,1,0.4427762090826827,0,0,-0.11617029865962926,0,1,1,0.2511884473942858,26.2875,35.0,0.361348788089461,0.5108328898518398,True,False,True,False,True,False,False,False,False,False,True,False,False,False,False,False,True,False
0,3,-0.8357118927001413,0,1,-0.3945992162559869,1,2,0,-0.4206411759864696,43.3626,0.0,-0.2307658793066255,-0.5236837228673362,False,False,False,True,False,False,False,False,False,False,False,False,False,False,True,True,False,False
0,3,-0.3092756154954491,0,0,-0.5525394450480864,1,1,1,-0.4025028617752392,23.225099999999998,25.0,-0.8241596789293221,-0.01594763973128568,True,True,False,False,True,False,False,False,False,False,False,False,False,False,True,False,True,False
0,3,-0.23407043303763592,1,0,-0.5498924021074366,1,2,0,-0.5369576099100228,23.5626,26.0,-0.8108423936907564,0.045144866300543984,True,False,True,False,True,False,False,False,False,False,False,False,False,False,True,False,True,False
0,2,0.7435969389139355,0,0,-0.12293496395240078,1,1,1,0.24105481868124892,52.0,39.0,0.3503178914890206,0.681386201981717,True,False,True,False,True,False,False,False,False,False,False,False,False,False,True,False,True,False
1,2,1.1948280336608146,0,0,-0.4170508462468131,1,1,1,-0.19953773405948275,27.0,0.0,-0.2971397889995716,0.9076271427455422,False,False,True,False,False,True,False,False,False,False,False,False,False,False,True,False,True,False
1,1,0.969212486287375,0,0,-0.11617029865962926,0,1,1,0.2511884473942858,26.2875,42.0,0.361348788089461,0.7984559438182829,True,False,True,False,True,False,False,False,False,False,True,False,False,False,False,False,True,False
1,1,-0.5348911628688886,0,0,2.831164957812677,1,1,1,4.666366418409158,151.55,0.0,2.153751916417376,-0.21441128597586506,False,False,True,True,False,False,False,False,False,False,False,False,False,False,True,False,True,False
1,3,-0.3092756154954491,1,1,-0.3759734456620463,1,3,0,-0.4962527326041491,45.737399999999994,0.0,-0.17874166054436358,-0.01594763973128568,True,False,False,False,False,False,False,False,False,False,False,False,False,False,True,False,True,False
1,1,-0.3844807979532623,0,0,0.4301017176975453,0,1,1,1.0695168569315452,49.5042,0.0,1.0024948213866767,-0.07943653299099825,False,False,False,True,False,False,False,False,True,False,False,False,False,False,False,False,True,False
0,1,0.8188021213717487,0,0,-0.10999386513144661,0,1,1,0.26044089100184115,26.55,40.0,0.37131944389592797,0.7213575976808891,True,False,True,False,True,False,False,False,True,False,False,False,False,False,False,False,True,False
1,1,1.4204435810342542,1,0,0.4888260712199769,0,2,0,0.24105481868124892,52.0,48.0,1.0527296294545725,1.009898575843634,True,False,True,False,True,False,False,False,True,False,False,False,False,False,False,False,True,False
0,3,-0.008454885664196365,0,0,-0.5115608673997704,1,1,1,-0.3411159825869785,28.4499,29.0,-0.6349501126981533,0.21569817843042113,True,False,True,False,True,False,False,False,False,False,False,False,False,False,True,False,True,False
0,2,1.7212643108655068,0,0,-0.4288154815385896,1,1,1,-0.21716143616911202,26.0,52.0,-0.3336856715246667,1.1369252313052896,True,False,True,False,True,False,False,False,False,False,False,False,False,False,True,False,True,False
0,3,-0.7605067102423282,0,0,-0.5546970791605981,0,1,1,-0.40573504874214517,22.950000000000003,19.0,-0.8351421500958559,-0.4406522267396903,True,False,True,False,True,False,False,False,False,False,False,True,False,False,False,True,False,False
1,1,0.6683917564561223,0,0,4.618801290398115,0,1,1,7.344287953967325,227.525,0.0,2.5746575858437715,0.640402765438825,False,False,False,True,False,False,False,False,True,False,False,False,False,False,False,False,True,False
1,2,-0.15886525057982273,0,0,-0.4876386579974721,0,1,1,-0.30527994671725833,21.0,0.0,-0.5385497616659674,0.10401532767762588,False,False,True,True,False,False,False,False,False,False,True,False,False,False,False,False,True,False
0,3,-0.3092756154954491,0,0,-0.36999230507970715,1,1,1,-0.1290429256209657,46.5,25.0,-0.1625721299622539,-0.01594763973128568,True,True,False,False,True,False,False,False,False,False,False,False,False,False,True,False,True,False
0,3,0.29236584416705635,0,0,-0.551755920337654,1,1,1,-0.40132912321473785,23.325000000000003,33.0,-0.8201999887044109,0.4183071772010659,True,False,True,False,True,False,False,False,False,False,False,False,False,False,True,False,True,False
1,2,-1.7381740821938996,0,1,0.04176993013247014,1,2,0,-0.09379552140170716,66.0,0.0,0.5903969364549354,-2.1400615297651884,False,False,True,True,False,False,False,False,False,False,False,False,False,False,True,False,False,False
0,3,-0.9109170751579546,1,0,-0.568715818574279,1,2,0,-0.5510565715977261,21.162599999999998,17.0,-0.9094659376958963,-0.6112055388695674,True,False,True,False,True,False,False,False,False,False,False,False,False,False,True,True,False,False
0,2,0.36757102662486957,0,0,-0.4288154815385896,1,1,1,-0.21716143616911202,26.0,34.0,-0.3336856715246667,0.4652310214263179,True,False,True,False,True,False,False,False,False,False,False,False,False,False,True,False,True,False
0,2,1.5708539459498805,0,0,-0.4288154815385896,1,1,1,-0.21716143616911202,26.0,50.0,-0.3336856715246667,1.0746575823711766,True,False,True,False,True,False,False,False,False,False,False,False,False,False,True,False,True,False
1,1,-0.15886525057982273,1,0,0.5147082688618853,0,2,0,0.26044089100184115,53.1,27.0,1.0741233950445652,0.10401532767762588,True,False,True,False,True,False,False,False,False,False,True,False,False,False,False,False,True,False
0,3,-0.685301527784515,0,0,-0.5308736926947507,1,1,1,-0.3700470519701459,25.987499999999997,20.0,-0.7198607416515719,-0.36167269587366996,True,False,True,False,True,False,False,False,False,False,False,False,False,False,True,False,True,False
1,2,0.06675029679361683,3,0,-0.2405813168701657,1,4,0,-0.49032881886836566,42.0,0.0,0.13703458990304354,0.26877700830987145,False,False,True,False,False,True,False,False,False,False,False,False,False,False,True,False,True,False
1,3,-0.5724937540977952,0,0,-0.5526382679845372,1,1,1,-0.40265090087296,23.2125,0.0,-0.8246601701848156,-0.2499898451208754,False,True,False,True,False,False,False,False,False,False,False,False,False,False,True,False,True,False
0,2,-0.3092756154954491,1,0,-0.12293496395240078,1,2,0,-0.21716143616911202,52.0,25.0,0.3503178914890206,-0.01594763973128568,True,False,True,False,True,False,False,False,False,False,False,False,False,False,True,False,True,False
0,3,-0.3092756154954491,1,0,-0.548226529750121,1,2,0,-0.535709851800661,23.775,0.0,-0.8025478579119842,-0.01594763973128568,False,False,True,True,False,False,False,False,False,False,False,False,False,False,True,False,True,False
1,1,-0.008454885664196365,0,0,4.237921222826851,0,1,1,6.773720598168078,211.3375,0.0,2.4981436302101905,0.21569817843042113,False,False,True,True,False,False,False,True,False,False,False,False,False,False,False,False,True,False
0,3,-1.3621481699048337,0,0,-0.29263982803627664,1,1,1,-0.013167084250153211,56.362500000000004,11.0,0.02664910909916204,-1.2675559440396782,True,False,False,False,True,False,False,False,False,False,False,False,False,False,True,False,False,False
0,2,0.06675029679361683,0,0,-0.7346959991247785,1,1,1,-0.675377691019473,0.0,30.0,-3.082133996176616,0.26877700830987145,True,False,True,False,True,False,False,False,False,False,False,False,False,False,True,False,True,False
0,2,-0.45968598041107545,0,0,-0.4288154815385896,1,1,1,-0.21716143616911202,26.0,23.0,-0.3336856715246667,-0.14551751531827087,True,False,True,False,True,False,False,False,False,False,False,False,False,False,True,False,True,False
0,2,-0.45968598041107545,0,0,-0.4288154815385896,1,1,1,-0.21716143616911202,26.0,23.0,-0.3336856715246667,-0.14551751531827087,True,False,True,False,True,False,False,False,False,False,False,False,False,False,True,False,True,False
0,3,-0.04605747689310296,0,0,-0.3558747427295753,1,1,1,-0.10789448308941052,48.300000000000004,28.5,-0.12537350483735854,0.18849149973944987,True,False,True,False,True,False,False,False,False,False,False,False,False,False,True,False,True,False
0,3,1.4204435810342542,1,3,0.0741226771848555,1,5,0,-0.43305178701207053,103.125,0.0,0.6316850771386074,1.009898575843634,False,False,True,False,False,True,False,False,False,False,False,False,False,False,True,False,True,False
1,1,0.4427762090826827,0,0,5.124238728242953,0,1,1,8.101445198430158,249.00622000000035,35.0,2.668221715908568,0.5108328898518398,True,False,False,False,True,False,False,True,False,False,False,False,False,False,False,False,True,False
0,3,-0.3092756154954491,0,0,-0.5489135844511608,1,1,1,-0.3970712367850514,23.6874,25.0,-0.8059607675574288,-0.01594763973128568,True,False,True,False,True,False,False,False,False,False,False,False,False,False,True,False,True,False
0,3,-0.3092756154954491,0,0,-0.5489135844511608,1,1,1,-0.3970712367850514,23.6874,25.0,-0.8059607675574288,-0.01594763973128568,True,False,True,False,True,False,False,False,False,False,False,False,False,False,True,False,True,False
1,1,0.8188021213717487,0,0,-0.02881788161818882,0,1,1,0.38204443555828305,30.0,40.0,0.4941946697941956,0.7213575976808891,True,False,True,False,True,False,False,False,False,True,False,False,False,False,False,False,True,False
0,1,0.5179813915404959,1,0,1.1205869863883744,0,2,0,0.7142512203247946,78.85,36.0,1.4795765243339813,0.555185233493742,True,False,True,False,True,False,False,False,True,False,False,False,False,False,False,False,True,False
1,1,-0.6100963453267019,2,2,5.124238728242953,0,5,0,1.0799868868704532,249.00622000000035,0.0,2.668221715908568,-0.28636798900765603,False,False,False,True,False,False,False,True,False,False,False,False,False,False,False,False,True,False
0,3,-0.3844807979532623,1,0,-0.3558747427295753,1,2,0,-0.39163608705444175,48.300000000000004,24.0,-0.12537350483735854,-0.07943653299099825,True,False,True,False,True,False,False,False,False,False,False,False,False,False,True,False,True,False
1,3,0.14195547925143,0,0,-0.548226529750121,1,1,1,-0.39604201258184907,23.775,31.0,-0.8025478579119842,0.32017050823302495,True,False,True,False,True,False,False,False,False,False,False,False,False,False,True,False,True,False
0,1,3.0749575951061443,1,1,0.9358822123074836,0,3,0,0.15881087550297904,71.0,0.0,1.3718032858979057,1.6102309596290223,True,False,True,False,False,False,True,True,False,False,False,False,False,False,False,False,False,True
0,3,-0.9861222576157678,1,1,-0.2582282698078304,1,3,0,-0.43745771253947785,60.75,16.0,0.10091128834697885,-0.7037312515203413,True,False,True,False,True,False,False,False,False,False,False,False,False,False,True,True,False,False
1,2,0.06675029679361683,0,0,-0.4288154815385896,1,1,1,-0.21716143616911202,26.0,0.0,-0.3336856715246667,0.26877700830987145,False,False,True,True,False,False,False,False,False,False,False,False,False,False,True,False,True,False
0,1,-0.7605067102423282,1,0,0.5147082688618853,0,2,0,0.26044089100184115,53.1,19.0,1.0741233950445652,-0.4406522267396903,True,False,True,False,True,False,False,False,False,True,False,False,False,False,False,True,False,False
0,3,0.14195547925143,0,0,-0.5523441521022427,1,1,1,-0.4022103083202193,23.25,31.0,-0.8231713196326232,0.32017050823302495,True,True,False,False,True,False,False,False,False,False,False,False,False,False,True,False,True,False
1,2,-1.8885844471095259,1,1,-0.19352277570305973,1,3,0,-0.4051475920051575,46.0,0.0,0.22765265667602697,-2.6847290841825044,False,False,True,True,False,False,False,False,False,False,False,False,False,False,True,False,False,False
1,3,-1.7381740821938996,0,1,-0.44116834859495496,0,2,0,-0.4555220072018478,37.425,0.0,-0.3734911835773941,-2.1400615297651884,True,False,True,False,False,False,False,False,False,False,True,False,False,False,False,False,False,False
0,3,0.29236584416705635,0,0,-0.5111679285810251,1,1,1,-0.34052735093651687,28.5,33.0,-0.6332923913899642,0.4183071772010659,True,False,True,False,True,False,False,False,False,False,False,False,False,False,True,False,True,False
0,3,-0.45968598041107545,0,0,-0.5489135844511608,1,1,1,-0.3970712367850514,23.6874,23.0,-0.8059607675574288,-0.14551751531827087,True,False,True,False,True,False,False,False,False,False,False,False,False,False,True,False,True,False
1,2,1.4204435810342542,1,2,0.7947065888061656,1,4,0,-0.1026073724565218,130.0,0.0,1.2811852191249218,1.009898575843634,False,False,True,False,False,True,False,False,False,False,False,False,False,False,True,False,True,False
1,2,-2.139017704694044,1,1,-0.3935215756632601,1,3,0,-0.5050152372930568,29.0,0.0,-0.22768400474939252,-4.459883632728743,True,False,True,False,False,False,False,False,False,False,False,False,False,False,True,False,False,False
0,3,-0.08366006812200955,0,0,-0.5512665115095161,1,1,1,-0.4005959772069773,23.3874,28.0,-0.8177342857855271,0.16081972715738832,True,False,True,False,True,False,False,False,False,False,False,False,False,False,True,False,True,False
0,2,-0.8357118927001413,0,0,-0.4641093874139191,1,1,1,-0.27003254249799985,23.0,18.0,-0.45171191967458874,-0.5236837228673362,True,False,True,False,True,False,False,False,False,False,False,False,False,False,True,True,False,False
0,3,0.36757102662486957,0,0,-0.5452853709271769,1,1,1,-0.39163608705444175,24.150000000000002,34.0,-0.7880629125377953,0.4652310214263179,True,False,True,False,True,False,False,False,False,False,False,False,False,False,True,False,True,False
1,1,0.29236584416705635,0,0,1.3005859063525549,0,1,1,2.37352277394639,86.5,0.0,1.5748577304337725,0.4183071772010659,False,False,True,False,False,False,True,True,False,False,False,False,False,False,False,False,True,False
0,3,-0.3092756154954491,0,0,-0.3935215756632601,1,1,1,-0.16429032984022424,43.5,25.0,-0.22768400474939252,-0.01594763973128568,True,False,True,False,True,False,False,False,False,False,False,False,False,False,True,False,True,False
0,3,0.8940073038295618,0,0,-0.5670499462169634,1,1,1,-0.4242399359572559,21.375,41.0,-0.9003511253244326,0.7603657328477373,True,False,True,False,True,False,False,False,False,False,False,False,False,False,True,False,True,False
1,3,-0.685301527784515,0,0,-0.5645981962221572,1,1,1,-0.4205671564376092,21.6876,20.0,-0.8870798384162878,-0.36167269587366996,True,False,False,False,True,False,False,False,False,False,False,False,False,False,True,False,True,False
1,1,0.5179813915404959,1,2,2.08881647090158,0,4,0,0.38204443555828305,120.0,0.0,1.912445826895527,0.555185233493742,False,False,True,False,False,True,False,True,False,False,False,False,False,False,False,False,True,False
0,3,-0.9861222576157678,0,0,-0.551755920337654,1,1,1,-0.40132912321473785,23.325000000000003,16.0,-0.8201999887044109,-0.7037312515203413,True,False,True,False,True,False,False,False,False,False,False,False,False,False,True,True,False,False
1,1,1.6460591284076938,1,0,1.0996059358090202,0,2,0,0.6985361651536383,77.9583,0.0,1.4678810219745526,1.1060907889901215,False,False,True,False,False,True,False,False,False,True,False,False,False,False,False,False,True,False
0,1,0.8188021213717487,0,0,0.1970631159839199,1,1,1,0.720419516063165,39.6,0.0,0.77515816012957,0.7213575976808891,True,False,False,False,False,False,True,False,False,False,False,False,False,False,True,False,True,False
0,3,0.1043528880225234,0,0,-0.5523441521022427,1,1,1,-0.4022103083202193,23.25,0.0,-0.8231713196326232,0.2946777092964407,False,True,False,True,False,False,False,False,False,False,False,False,False,False,True,False,True,False
0,3,-0.3092756154954491,1,0,-0.16646411453197382,1,2,0,-0.2497652850719262,72.44999999999999,25.0,0.27639678810685203,-0.01594763973128568,True,True,False,False,True,False,False,False,False,False,False,False,False,False,True,False,True,False
0,3,0.2171606617092432,0,0,-0.5379324738698166,1,1,1,-0.38062127323592343,25.087500000000002,32.0,-0.7527081671427978,0.36998241616245464,True,False,True,False,True,False,False,False,False,False,False,False,False,False,True,False,True,False
0,3,-0.3844807979532623,0,0,-0.5111679285810251,1,1,1,-0.34052735093651687,28.5,24.0,-0.6332923913899642,-0.07943653299099825,True,False,True,False,True,False,False,False,False,False,False,False,False,False,True,False,True,False
0,3,1.4204435810342542,0,0,-0.5498924021074366,1,1,1,-0.39853752880057264,23.5626,48.0,-0.8108423936907564,1.009898575843634,True,False,True,False,True,False,False,False,False,False,False,False,False,False,True,False,True,False
0,2,2.0972902231545727,0,0,-0.4876386579974721,0,1,1,-0.30527994671725833,21.0,0.0,-0.5385497616659674,1.2828581558787948,False,False,True,False,False,True,False,False,False,False,True,False,False,False,False,False,True,False
0,3,-0.3092756154954491,0,0,-0.5646970191586081,1,1,1,-0.42071519553533004,21.674999999999997,25.0,-0.8876115073381831,-0.01594763973128568,True,False,False,False,True,False,False,False,False,False,False,False,False,False,True,False,True,False
1,2,1.8716746757811333,1,3,-0.19352277570305973,1,5,0,-0.5132396316108837,46.0,0.0,0.22765265667602697,1.1968861334624432,False,False,True,False,False,True,False,False,False,False,False,False,False,False,True,False,True,False
0,3,-0.8357118927001413,0,0,-0.5523441521022427,1,1,1,-0.4022103083202193,23.25,18.0,-0.8231713196326232,-0.5236837228673362,True,False,True,False,True,False,False,False,False,False,False,False,False,False,True,True,False,False
0,3,-0.3092756154954491,0,0,-0.5523441521022427,0,1,1,-0.4022103083202193,23.25,25.0,-0.8231713196326232,-0.01594763973128568,True,True,False,False,True,False,False,False,False,False,False,True,False,False,False,False,True,False
1,3,-1.8133792646517128,0,0,-0.44116834859495496,1,1,1,-0.23566632338422278,37.425,0.0,-0.3734911835773941,-2.3895943727610853,False,False,True,True,False,False,False,False,False,False,False,False,False,False,True,False,False,False
0,3,-0.3092756154954491,0,0,-0.5526382679845372,1,1,1,-0.40265090087296,23.2125,25.0,-0.8246601701848156,-0.01594763973128568,True,True,False,False,True,False,False,False,False,False,False,False,False,False,True,False,True,False
1,1,1.0444176687451883,0,1,4.237921222826851,0,2,0,3.0491714535743024,211.3375,0.0,2.4981436302101905,0.8356704397137504,False,False,True,False,False,True,False,True,False,False,False,False,False,False,False,False,True,False
1,3,-1.2117378049892074,0,0,-0.5645981962221572,1,1,1,-0.4205671564376092,21.6876,0.0,-0.8870798384162878,-1.0180231010437806,False,False,False,True,False,False,False,False,False,False,False,False,False,False,True,True,False,False
1,1,-0.9109170751579546,1,0,0.6064724241377418,0,2,0,0.32917332922939524,57.0,0.0,1.146617560087604,-0.6112055388695674,False,False,True,False,False,True,False,True,False,False,False,False,False,False,False,True,False,False
0,1,-0.008454885664196365,0,0,-0.02881788161818882,0,1,1,0.38204443555828305,30.0,29.0,0.4941946697941956,0.21569817843042113,True,False,True,False,True,False,False,False,False,True,False,False,False,False,False,False,True,False
0,3,-0.3092756154954491,1,2,-0.1829346039404609,1,4,0,-0.4687397837840698,70.35,25.0,0.2469990479927575,-0.01594763973128568,True,False,True,False,True,False,False,False,False,False,False,False,False,False,True,False,True,False
0,3,-0.3092756154954491,0,0,-0.5688146415107299,1,1,1,-0.4268834912737003,21.15,25.0,-0.9100091616240019,-0.01594763973128568,True,False,True,False,True,False,False,False,False,False,False,False,False,False,True,False,True,False
0,3,-0.3092756154954491,0,0,-0.5641087873940193,1,1,1,-0.4198340104298486,21.75,25.0,-0.884450804505842,-0.01594763973128568,True,False,True,False,True,False,False,False,False,False,False,False,False,False,True,False,True,False
1,3,-0.8357118927001413,0,0,-0.558325292684582,1,1,1,-0.4111701984727549,22.4874,0.0,-0.8538751390212741,-0.5236837228673362,False,False,True,True,False,False,False,False,False,False,False,False,False,False,True,True,False,False
0,3,-1.5877637172782733,4,1,-0.04940599337879768,1,6,0,-0.5042809163718222,87.375,0.0,0.46437604604039645,-1.7332439675909739,True,True,False,False,False,False,False,False,False,False,False,False,False,False,True,False,False,False
1,3,-2.1141999944829655,1,2,-0.25058125686817573,1,4,0,-0.49407385556666183,61.724999999999994,0.0,0.11671878410343847,-4.167983206652603,True,False,True,False,False,False,False,False,False,False,False,False,False,False,True,False,False,False
0,1,1.2700332161186279,0,0,1.1288222310926181,0,1,1,2.116216723145803,79.2,46.0,1.4841314553606355,0.9424405119558105,True,False,False,False,True,False,False,True,False,False,False,False,False,False,False,False,True,False
0,3,-0.3092756154954491,0,0,-0.5523441521022427,1,1,1,-0.4022103083202193,23.25,25.0,-0.8231713196326232,-0.01594763973128568,True,True,False,False,True,False,False,False,False,False,False,False,False,False,True,False,True,False
0,2,-0.9861222576157678,0,0,-0.12293496395240078,1,1,1,0.24105481868124892,52.0,16.0,0.3503178914890206,-0.7037312515203413,True,False,True,False,True,False,False,False,False,False,False,False,False,False,True,True,False,False
0,3,-0.5724937540977952,8,2,0.9017647699613317,1,11,0,-0.4525179670695247,208.64999999999998,0.0,1.3506155521651908,-0.2499898451208754,False,False,True,True,False,False,False,False,False,False,False,False,False,False,True,False,True,False
0,1,0.8188021213717487,0,0,-0.012446215146152687,1,1,1,0.4065695794140431,30.6958,40.0,0.5173117273355478,0.7213575976808891,True,False,False,False,True,False,False,False,False,False,False,False,False,False,True,False,True,False
0,3,-0.3092756154954491,0,0,-0.5489135844511608,1,1,1,-0.3970712367850514,23.6874,25.0,-0.8059607675574288,-0.01594763973128568,True,False,True,False,True,False,False,False,False,False,False,False,False,False,True,False,True,False
0,2,0.7435969389139355,0,0,-0.4288154815385896,1,1,1,-0.21716143616911202,26.0,39.0,-0.3336856715246667,0.681386201981717,True,False,True,False,True,False,False,False,False,False,False,False,False,False,True,False,True,False
1,1,1.4956487634920672,0,0,-0.12460083630971629,0,1,1,0.23855930246252546,25.9292,0.0,0.3475833892950114,1.042601895730409,False,False,True,False,False,False,True,False,False,True,False,False,False,False,False,False,True,False
1,3,0.14195547925143,0,0,-0.5303842838666128,1,1,1,-0.3693139059623854,26.049899999999997,0.0,-0.7176212700709769,0.32017050823302495,False,False,True,False,False,True,False,False,False,False,False,False,False,False,True,False,True,False
0,3,0.06675029679361683,0,0,-0.5645981962221572,1,1,1,-0.4205671564376092,21.6876,30.0,-0.8870798384162878,0.26877700830987145,True,False,False,False,True,False,False,False,False,False,False,False,False,False,True,False,True,False
0,3,0.06675029679361683,1,1,-0.16646411453197382,1,3,0,-0.3916360870544418,72.44999999999999,0.0,0.27639678810685203,0.26877700830987145,False,False,True,False,False,True,False,False,False,False,False,False,False,False,True,False,True,False
0,2,0.36757102662486957,0,0,-0.4288154815385896,1,1,1,-0.21716143616911202,26.0,34.0,-0.3336856715246667,0.4652310214263179,True,False,True,False,True,False,False,False,False,False,False,False,False,False,True,False,True,False
1,2,0.14195547925143,1,1,-0.11705264630651252,1,3,0,-0.3669629041009608,52.5,0.0,0.3599165841728647,0.32017050823302495,False,False,True,False,False,True,False,False,False,False,False,False,False,False,True,False,True,False
1,1,-1.3621481699048337,1,2,2.08881647090158,0,4,0,0.38204443555828305,120.0,0.0,1.912445826895527,-1.2675559440396782,True,False,True,False,False,False,False,True,False,False,False,False,False,False,False,False,False,False
1,3,-2.157819000308497,0,1,-0.5343042603458327,1,2,0,-0.5252819072623934,25.5501,0.0,-0.7356952341657464,-4.722392571475397,True,False,False,False,False,False,False,False,False,False,False,False,False,False,True,False,False,False
1,3,-0.15886525057982273,0,0,-0.5705793368044965,1,1,1,-0.4295270465901447,20.924999999999997,27.0,-0.919757602073484,0.10401532767762588,True,False,True,False,True,False,False,False,False,False,False,False,False,False,True,False,True,False
0,3,0.14195547925143,0,0,-0.551755920337654,1,1,1,-0.40132912321473785,23.325000000000003,31.0,-0.8201999887044109,0.32017050823302495,True,False,True,False,True,False,False,False,False,False,False,False,False,False,True,False,True,False
0,1,0.7435969389139355,0,0,-0.7346959991247785,0,1,1,-0.675377691019473,0.0,39.0,-3.082133996176616,0.681386201981717,True,False,True,False,True,False,False,False,False,False,False,False,False,False,False,False,True,False
0,3,-0.8357118927001413,0,0,-0.551755920337654,1,1,1,-0.40132912321473785,23.325000000000003,0.0,-0.8201999887044109,-0.5236837228673362,False,False,True,True,False,False,False,False,False,False,False,False,False,False,True,True,False,False
0,2,0.7435969389139355,0,0,-0.4288154815385896,1,1,1,-0.21716143616911202,26.0,39.0,-0.3336856715246667,0.681386201981717,True,False,True,False,True,False,False,False,False,False,False,False,False,False,True,False,True,False
1,1,0.29236584416705635,1,0,0.5147082688618853,0,2,0,0.26044089100184115,53.1,0.0,1.0741233950445652,0.4183071772010659,False,False,True,False,False,True,False,False,False,False,True,False,False,False,False,False,True,False
0,3,-0.23407043303763592,0,0,-0.5491088773970043,1,1,1,-0.3973637902400713,23.6625,26.0,-0.8069329203225432,0.045144866300543984,True,False,True,False,True,False,False,False,False,False,False,False,False,False,True,False,True,False
0,3,0.7435969389139355,0,0,-0.16646411453197382,1,1,1,0.17584712087562057,72.44999999999999,39.0,0.27639678810685203,0.681386201981717,True,False,True,False,True,False,False,False,False,False,False,False,False,False,True,False,True,False
0,2,0.4427762090826827,0,0,-0.4876386579974721,1,1,1,-0.30527994671725833,21.0,35.0,-0.5385497616659674,0.5108328898518398,True,False,True,False,True,False,False,False,False,False,False,False,False,False,True,False,True,False
0,3,-1.7381740821938996,4,2,0.0011819383758412065,1,7,0,-0.5178973243112858,93.82499999999999,0.0,0.5361711062385779,-2.1400615297651884,False,False,True,True,False,False,False,False,False,False,False,False,False,False,True,False,False,False
0,3,0.1043528880225234,0,0,-0.5452853709271769,1,1,1,-0.39163608705444175,24.150000000000002,30.5,-0.7880629125377953,0.2946777092964407,True,False,True,False,True,False,False,False,False,False,False,False,False,False,True,False,True,False
0,1,0.8188021213717487,0,0,-0.7346959991247785,0,1,1,-0.675377691019473,0.0,40.0,-3.082133996176616,0.7213575976808891,True,False,True,False,True,False,False,True,False,False,False,False,False,False,False,False,True,False
0,3,-0.45968598041107545,0,0,-0.548226529750121,1,1,1,-0.39604201258184907,23.775,0.0,-0.8025478579119842,-0.14551751531827087,False,False,True,True,False,False,False,False,False,False,False,False,False,False,True,False,True,False
0,2,0.14195547925143,1,1,0.13598583540313294,1,3,0,-0.2406103592827108,74.0084,31.0,0.7063480626863387,0.32017050823302495,True,False,False,False,True,False,False,False,False,False,False,False,False,False,True,False,True,False
0,3,1.0444176687451883,0,0,-0.5829322038608618,1,1,1,-0.44803193380525547,19.35,43.0,-0.990677917928579,0.8356704397137504,True,False,True,False,True,False,False,False,False,False,False,False,False,False,True,False,True,False
0,3,-1.437353352362647,3,2,-0.07822934984365013,1,6,0,-0.5114772613999208,83.69999999999999,0.0,0.4211414699329149,-1.4084064177290634,True,False,True,False,False,False,False,False,False,False,False,False,False,False,True,False,False,False
1,1,1.7212643108655068,1,1,1.4652908004374259,0,3,0,0.42316640714741804,93.5,0.0,1.6550088670537937,1.1369252313052896,False,False,True,False,False,True,False,True,False,False,False,False,False,False,False,False,True,False
1,3,-0.15886525057982273,0,0,-0.5308736926947507,1,1,1,-0.3700470519701459,25.987499999999997,27.0,-0.7198607416515719,0.10401532767762588,True,False,True,False,True,False,False,False,False,False,False,False,False,False,True,False,True,False
0,1,0.6683917564561223,0,0,-0.7346959991247785,1,1,1,-0.675377691019473,0.0,0.0,-3.082133996176616,0.640402765438825,True,False,True,False,False,False,True,False,False,False,False,False,False,False,True,False,True,False
1,3,-0.15886525057982273,0,1,-0.44116834859495496,0,2,0,-0.4555220072018478,37.425,0.0,-0.3734911835773941,0.10401532767762588,False,False,True,False,False,True,False,False,False,False,True,False,False,False,False,False,True,False
0,3,-2.038994812025152,4,1,0.19912192715998075,1,6,0,-0.4422307985275025,119.0625,0.0,0.7774002509500836,-3.5116328014824925,True,False,True,False,False,False,False,False,False,False,False,False,False,False,True,False,False,False
0,3,-0.3092756154954491,0,0,-0.5711675685690852,1,1,1,-0.4304082316956262,20.85,25.0,-0.9230274659335322,-0.01594763973128568,True,True,False,False,True,False,False,False,False,False,False,False,False,False,True,False,True,False
0,3,-0.3092756154954491,0,0,0.5946089659095145,1,1,1,1.3159526082709134,169.4874,25.0,1.1375245398907599,-0.01594763973128568,True,False,True,False,True,False,False,False,False,False,False,False,False,False,True,False,True,False
1,2,-2.1141999944829655,0,2,0.13598583540313294,1,3,0,-0.2406103592827108,74.0084,0.0,0.7063480626863387,-4.167983206652603,True,False,False,False,False,False,False,False,False,False,False,False,False,False,True,False,False,False
1,3,-0.3092756154954491,0,0,-0.5523441521022427,1,1,1,-0.4022103083202193,23.25,25.0,-0.8231713196326232,-0.01594763973128568,True,True,False,False,True,False,False,False,False,False,False,False,False,False,True,False,True,False
1,1,2.4733161354436386,0,0,1.1476456475594605,0,1,1,2.1444146465212097,80.0,0.0,1.4944685207108999,1.416716138017848,False,False,True,False,False,True,False,True,False,False,False,False,False,False,False,False,False,True
1,3,-1.061327440073581,1,0,-0.3945992162559869,1,2,0,-0.4206411759864696,43.3626,0.0,-0.2307658793066255,-0.8018679204883823,False,False,False,False,False,True,False,False,False,False,False,False,False,False,True,True,False,False
1,2,-2.126984875500794,1,1,-0.2935221756831599,1,3,0,-0.4550814146491071,37.5,0.0,0.024673545843682348,-4.311779557909877,True,False,True,False,False,False,False,False,False,False,False,False,False,False,True,False,False,False
0,3,-0.3092756154954491,0,0,-0.5645981962221572,1,1,1,-0.4205671564376092,21.6876,25.0,-0.8870798384162878,-0.01594763973128568,True,False,False,False,True,False,False,False,False,False,False,False,False,False,True,False,True,False
0,3,-0.45968598041107545,0,0,-0.5498924021074366,1,1,1,-0.39853752880057264,23.5626,23.0,-0.8108423936907564,-0.14551751531827087,True,False,True,False,True,False,False,False,False,False,False,False,False,False,True,False,True,False
0,3,-0.8357118927001413,0,0,-0.5394030532812887,1,1,1,-0.3828242359996271,24.900000000000002,18.0,-0.759683751050321,-0.5236837228673362,True,False,True,False,True,False,False,False,False,False,False,False,False,False,True,True,False,False
1,1,0.7435969389139355,1,1,1.2219581428434958,0,3,0,0.3016603804093159,83.1583,0.0,1.534304424039823,0.681386201981717,False,False,False,True,False,False,False,False,False,False,True,False,False,False,False,False,True,False
0,3,-0.6100963453267019,0,0,-0.5308736926947507,1,1,1,-0.3700470519701459,25.987499999999997,21.0,-0.7198607416515719,-0.28636798900765603,True,False,True,False,True,False,False,False,False,False,False,False,False,False,True,False,True,False
0,3,-0.3092756154954491,0,0,-0.5452853709271769,1,1,1,-0.39163608705444175,24.150000000000002,25.0,-0.7880629125377953,-0.01594763973128568,True,False,True,False,True,False,False,False,False,False,False,False,False,False,True,False,True,False
1,3,0.2171606617092432,0,0,0.5946089659095145,1,1,1,1.3159526082709134,169.4874,32.0,1.1375245398907599,0.36998241616245464,True,False,True,False,True,False,False,False,False,False,False,False,False,False,True,False,True,False
1,1,0.8188021213717487,0,0,-0.03587666279325473,0,1,1,0.3714702142925055,29.7,40.0,0.48406702968622406,0.7213575976808891,True,False,False,False,True,False,False,False,True,False,False,False,False,False,False,False,True,False
0,3,-0.685301527784515,0,0,-0.548226529750121,1,1,1,-0.39604201258184907,23.775,20.0,-0.8025478579119842,-0.36167269587366996,True,False,True,False,True,False,False,False,False,False,False,False,False,False,True,False,True,False
0,2,-0.9861222576157678,0,0,-0.4876386579974721,1,1,1,-0.30527994671725833,21.0,16.0,-0.5385497616659674,-0.7037312515203413,True,False,True,False,True,False,False,False,False,False,False,False,False,False,True,True,False,False
1,1,0.06675029679361683,0,0,-0.005288611034635832,1,1,1,0.4172918397775416,31.0,0.0,0.5272593765413239,0.26877700830987145,False,False,False,True,False,False,False,False,False,False,False,False,False,False,True,False,True,False
0,3,0.40517361785377615,0,0,-0.5832263197431561,1,1,1,-0.44847252635799617,19.3125,34.5,-0.9924267861546437,0.4881925309076151,True,False,False,False,True,False,False,False,False,False,False,False,False,False,True,False,True,False
0,3,-0.9109170751579546,0,0,-0.5308736926947507,1,1,1,-0.3700470519701459,25.987499999999997,17.0,-0.7198607416515719,-0.6112055388695674,True,False,True,False,True,False,False,False,False,False,False,False,False,False,True,True,False,False
0,3,0.969212486287375,0,0,-0.5570500062189534,1,1,1,-0.409259789164071,22.65,42.0,-0.8472521793809467,0.7984559438182829,True,False,True,False,True,False,False,False,False,False,False,False,False,False,True,False,True,False
0,3,-0.3092756154954491,8,2,0.9017647699613317,1,11,0,-0.4525179670695247,208.64999999999998,25.0,1.3506155521651908,-0.01594763973128568,True,False,True,False,True,False,False,False,False,False,False,False,False,False,True,False,True,False
0,3,0.4427762090826827,0,0,-0.5489135844511608,1,1,1,-0.3970712367850514,23.6874,35.0,-0.8059607675574288,0.5108328898518398,True,False,False,False,True,False,False,False,False,False,False,False,False,False,True,False,True,False
0,2,-0.08366006812200955,0,1,0.04176993013247014,1,2,0,-0.09379552140170716,66.0,0.0,0.5903969364549354,0.16081972715738832,True,False,True,False,False,False,True,False,False,False,False,False,False,False,True,False,True,False
1,1,0.4427762090826827,1,0,1.3618608328062438,0,2,0,0.8949681864973552,89.1042,0.0,1.6054013834400314,0.5108328898518398,False,False,False,False,False,True,False,False,True,False,False,False,False,False,False,False,True,False
0,3,-1.8885844471095259,4,2,0.0011819383758412065,1,7,0,-0.5178973243112858,93.82499999999999,0.0,0.5361711062385779,-2.6847290841825044,True,False,True,False,False,False,False,False,False,False,False,False,False,False,True,False,False,False
0,3,3.375778324937397,0,0,-0.551755920337654,1,1,1,-0.40132912321473785,23.325000000000003,74.0,-0.8201999887044109,1.6989523009005196,True,False,True,False,True,False,False,False,False,False,False,False,False,False,True,False,False,True
0,3,-1.51255853482046,1,1,-0.3759734456620463,1,3,0,-0.4962527326041491,45.737399999999994,0.0,-0.17874166054436358,-1.5626906554610969,False,False,False,True,False,False,False,False,False,False,False,False,False,False,True,False,False,False
1,1,-0.9861222576157678,0,1,0.19235726186720922,0,2,0,0.018996172099920126,39.4,0.0,0.7700151828439279,-0.7037312515203413,False,False,True,True,False,False,False,False,False,True,False,False,False,False,False,True,False,False
0,2,1.1196228512030013,1,0,-0.12293496395240078,1,2,0,-0.21716143616911202,52.0,0.0,0.3503178914890206,0.8720485836005318,False,False,True,False,False,True,False,False,False,False,False,False,False,False,True,False,True,False
1,3,-0.8357118927001413,0,1,-0.5146973191685581,1,2,0,-0.5105960762944393,28.049999999999997,0.0,-0.6482775532886053,-0.5236837228673362,False,False,True,False,False,True,False,False,False,False,False,False,False,False,True,True,False,False
1,1,1.1948280336608146,1,1,3.144497195392677,1,3,0,1.2616633813789375,164.8667,0.0,2.240913059745378,0.9076271427455422,False,False,True,False,False,True,False,False,False,False,False,False,False,False,True,False,True,False
1,1,1.6460591284076938,0,0,-0.10999386513144661,0,1,1,0.26044089100184115,26.55,51.0,0.37131944389592797,1.1060907889901215,True,False,True,False,True,False,False,False,False,False,True,False,False,False,False,False,True,False
1,3,-0.3844807979532623,0,3,-0.28156224744554,1,4,0,-0.5056764198505364,57.774899999999995,0.0,0.05113795041361231,-0.07943653299099825,False,False,False,False,False,True,False,False,False,False,False,False,False,False,True,False,True,False
0,3,-0.3092756154954491,0,0,-0.5645981962221572,1,1,1,-0.4205671564376092,21.6876,25.0,-0.8870798384162878,-0.01594763973128568,True,False,False,False,True,False,False,False,False,False,False,False,False,False,True,False,True,False
0,3,0.8940073038295618,2,0,-0.40273799095083784,1,3,0,-0.509617373370618,42.3249,41.0,-0.2543407314013037,0.7603657328477373,True,False,True,False,True,False,False,False,False,False,False,False,False,False,True,False,True,False
0,2,-0.6100963453267019,1,0,-0.4641093874139191,1,2,0,-0.4727051167587364,23.0,21.0,-0.45171191967458874,-0.28636798900765603,True,False,True,False,True,False,False,False,False,False,False,False,False,False,True,False,True,False
1,1,1.4204435810342542,0,0,-0.12460083630971629,0,1,1,0.23855930246252546,25.9292,0.0,0.3475833892950114,1.009898575843634,False,False,True,False,False,True,False,False,False,True,False,False,False,False,False,False,True,False
0,3,-0.5724937540977952,8,2,0.9017647699613317,1,11,0,-0.4525179670695247,208.64999999999998,0.0,1.3506155521651908,-0.2499898451208754,False,False,True,True,False,False,False,False,False,False,False,False,False,False,True,False,True,False
0,2,-0.3844807979532623,0,0,-0.4288154815385896,1,1,1,-0.21716143616911202,26.0,24.0,-0.3336856715246667,-0.07943653299099825,True,False,True,False,True,False,False,False,False,False,False,False,False,False,True,False,True,False
1,2,0.969212486287375,0,0,-0.4288154815385896,1,1,1,-0.21716143616911202,26.0,0.0,-0.3336856715246667,0.7984559438182829,False,False,True,False,False,True,False,False,False,False,False,False,False,False,True,False,True,False
1,2,-0.15886525057982273,1,0,-0.4086203085967261,1,2,0,-0.4311431400735977,27.7166,0.0,-0.27171799385889095,0.10401532767762588,False,False,False,True,False,False,False,False,False,False,False,False,False,False,True,False,True,False
0,1,0.14195547925143,0,0,0.45343334240819655,0,1,1,1.1044681829553622,50.4958,31.0,1.022744529863973,0.32017050823302495,True,False,True,False,True,False,False,False,False,False,False,False,False,False,False,False,True,False
0,3,-0.3092756154954491,0,0,-0.5111679285810251,1,1,1,-0.34052735093651687,28.5,25.0,-0.6332923913899642,-0.01594763973128568,True,False,True,False,True,False,False,False,False,False,False,False,False,False,True,False,True,False
1,3,-1.8885844471095259,1,1,-0.47273757093690794,1,3,0,-0.5445710492213827,33.3999,0.0,-0.4827210184416704,-2.6847290841825044,True,False,True,False,False,False,False,False,False,False,False,False,False,False,True,False,False,False
0,3,-0.23407043303763592,0,0,-0.5489135844511608,1,1,1,-0.3970712367850514,23.6874,26.0,-0.8059607675574288,0.045144866300543984,True,False,True,False,True,False,False,False,False,False,False,False,False,False,True,False,True,False
1,1,1.345238398576441,1,1,0.501865992977382,0,3,0,-0.05791131407955404,52.5542,0.0,1.0635631250648405,0.9765209134031356,False,False,True,False,False,True,False,False,False,True,False,False,False,False,False,False,True,False
0,1,0.29236584416705635,0,0,-0.6170496462070135,0,1,1,-0.4991406699231803,5.0,33.0,-1.2161046924111492,0.4183071772010659,True,False,True,False,True,False,False,True,False,False,False,False,False,False,False,False,True,False
0,3,1.345238398576441,0,0,-0.5229325638728015,1,1,1,-0.35815105304614614,27.0,47.0,-0.6841049461102202,0.9765209134031356,True,False,True,False,True,False,False,False,False,False,False,False,False,False,True,False,True,False
1,2,-0.08366006812200955,1,0,-0.16999350511950675,1,2,0,-0.2524088403883706,48.0,0.0,0.2701667548689989,0.16081972715738832,False,False,False,False,False,True,False,False,False,False,False,False,False,False,True,False,True,False
1,3,-1.061327440073581,0,0,-0.5646970191586081,1,1,1,-0.42071519553533004,21.674999999999997,0.0,-0.8876115073381831,-0.8018679204883823,False,False,False,True,False,False,False,False,False,False,False,False,False,False,True,True,False,False
0,3,-0.685301527784515,0,0,-0.5030315068132324,1,1,1,-0.32833879855749726,29.5374,20.0,-0.599546624994023,-0.36167269587366996,True,False,True,False,True,False,False,False,False,False,False,False,False,False,True,False,True,False
0,3,-0.7605067102423282,0,0,-0.5489135844511608,1,1,1,-0.3970712367850514,23.6874,19.0,-0.8059607675574288,-0.4406522267396903,True,False,True,False,True,False,False,False,False,False,False,False,False,False,True,True,False,False
0,3,-0.3092756154954491,0,0,-0.5489135844511608,1,1,1,-0.3970712367850514,23.6874,25.0,-0.8059607675574288,-0.01594763973128568,True,False,True,False,True,False,False,False,False,False,False,False,False,False,True,False,True,False
1,1,2.0220850406967594,0,1,1.2219581428434958,0,2,0,0.7901794161237105,83.1583,0.0,1.534304424039823,1.2547051110241825,False,False,False,False,False,True,False,False,True,False,False,False,False,False,False,False,True,False
1,2,-0.3092756154954491,0,1,-0.12293496395240078,1,2,0,-0.21716143616911202,52.0,0.0,0.3503178914890206,-0.01594763973128568,False,False,True,False,False,True,False,False,False,False,False,False,False,False,True,False,True,False
0,3,0.29236584416705635,0,0,-0.5489135844511608,1,1,1,-0.3970712367850514,23.6874,33.0,-0.8059607675574288,0.4183071772010659,True,False,True,False,True,False,False,False,False,False,False,False,False,False,True,False,True,False
0,3,-0.5348911628688886,0,0,-0.4872457191787267,1,1,1,-0.30469131506679675,31.5501,0.0,-0.537038491054377,-0.21441128597586506,False,False,True,True,False,False,False,False,False,False,False,False,False,False,True,False,True,False
0,2,-0.08366006812200955,0,0,-0.4876386579974721,1,1,1,-0.30527994671725833,21.0,28.0,-0.5385497616659674,0.16081972715738832,True,False,True,False,True,False,False,False,False,False,False,False,False,False,True,False,True,False
0,3,-0.3092756154954491,0,0,-0.5688146415107299,1,1,1,-0.4268834912737003,21.15,25.0,-0.9100091616240019,-0.01594763973128568,True,False,True,False,True,False,False,False,False,False,False,False,False,False,True,False,True,False
0,3,0.7435969389139355,0,5,-0.04940599337879768,1,6,0,-0.5042809163718222,87.375,0.0,0.46437604604039645,0.681386201981717,False,True,False,False,False,True,False,False,False,False,False,False,False,False,True,False,True,False
0,2,-0.15886525057982273,0,0,-0.4288154815385896,1,1,1,-0.21716143616911202,26.0,0.0,-0.3336856715246667,0.10401532767762588,True,False,True,False,False,False,True,False,False,False,False,False,False,False,True,False,True,False
1,1,-0.7605067102423282,0,0,-0.02881788161818882,0,1,1,0.38204443555828305,30.0,0.0,0.4941946697941956,-0.4406522267396903,False,False,True,True,False,False,False,True,False,False,False,False,False,False,False,True,False,False
0,3,-0.5724937540977952,1,2,-0.1829346039404609,1,4,0,-0.4687397837840698,70.35,0.0,0.2469990479927575,-0.2499898451208754,False,False,True,True,False,False,False,False,False,False,False,False,False,False,True,False,True,False
1,1,-0.23407043303763592,0,0,-0.02881788161818882,0,1,1,0.38204443555828305,30.0,26.0,0.4941946697941956,0.045144866300543984,True,False,False,False,True,False,False,False,True,False,False,False,False,False,False,False,True,False
0,3,0.2171606617092432,0,0,-0.5523441521022427,1,1,1,-0.4022103083202193,23.25,32.0,-0.8231713196326232,0.36998241616245464,True,True,False,False,True,False,False,False,False,False,False,False,False,False,True,False,True,False
